Year,Player,Team,Position,Age,Date of Birth,Birth City,Birth State/Province,Birth Country,Nationality,Height (in),Weight (lbs),Draft Year,Draft Team,Draft Round,Round Pick,Overall Draft Position
2023,A.J. Greer,CGY,L,27,1996-12-14,Joliette,QC,CAN,CAN,75,208,2015,COL,2,9,39
2023,Aaron Ekblad,FLA,D,28,1996-02-07,Windsor,ON,CAN,CAN,76,215,2014,FLA,1,1,1
2023,Adam Beckman,MIN,L,22,2001-05-10,Saskatoon,SK,CAN,CAN,74,182,2019,MIN,3,13,75
2023,Adam Boqvist,CBJ,D,23,2000-08-15,Falun,SWE,SWE,72,182,2018,CHI,1,8,8,
2023,Adam Edstrom,NYR,C,23,2000-10-12,SWE,SWE,79,220,2019,NYR,6,6,161,,
2023,Adam Erne,EDM,L,28,1995-04-20,New Haven,CT,USA,USA,73,212,2013,T.B,2,3,33
2023,Adam Fantilli,CBJ,C,19,2004-10-12,CAN,74,194,2023,CBJ,1,3,3,,,
2023,Adam Fox,NYR,D,26,1998-02-17,Jericho,NY,USA,USA,71,182,2016,CGY,3,5,66
2023,Adam Gaudette,STL,C,27,1996-10-03,Braintree,MA,USA,USA,73,194,2015,VAN,5,28,149
2023,Adam Ginning,PHI,D,24,2000-01-13,Linkoping,SWE,SWE,75,188,2018,PHI,2,19,50,
2023,Adam Henrique,"ANA, EDM",C,34,1990-02-06,Brantford,ON,CAN,CAN,72,195,2008,N.J,3,21,82
2023,Adam Klapka,CGY,R,23,2000-09-14,Praha,CZE,CZE,80,235,-,-,-,-,-,
2023,Adam Larsson,SEA,D,31,1992-11-12,Skellefteå,SWE,SWE,75,209,2011,N.J,1,4,4,
2023,Adam Lowry,WPG,C,31,1993-03-29,St. Louis,MO,USA,USA,78,208,2011,WPG,3,6,67
2023,Adam Pelech,NYI,D,29,1994-08-16,Toronto,ON,CAN,CAN,75,210,2012,NYI,3,4,65
2023,Adam Raska,MIN,R,22,2001-09-25,Frydek-Mistek,CZE,CZE,70,178,2020,S.J,7,15,201,
2023,Adam Ruzicka,"ARI, CGY",C,24,1999-05-11,Bratislava,SVK,SVK,76,215,2017,CGY,4,16,109,
2023,Adrian Kempe,L.A,R,27,1996-09-13,Kramfors,SWE,SWE,74,200,2014,L.A,1,29,29,
2023,Akil Thomas,L.A,C,24,2000-01-02,Toronto,ON,CAN,CAN,72,171,2018,L.A,2,20,51
2023,Akito Hirose,VAN,D,24,1999-04-09,CALGARY,AB,CAN,CAN,72,170,-,-,-,-,-
2023,Alec Martinez,VGK,D,36,1987-07-26,Rochester Hills,MI,USA,USA,73,210,2007,L.A,4,4,95
2023,Aleksander Barkov,FLA,C,28,1995-09-02,Tampere,FIN,FIN,75,215,2013,FLA,1,2,2,
2023,Alex Barré-Boulet,T.B,C,26,1997-05-21,Montmagny,QC,CAN,CAN,70,180,-,-,-,-,-
2023,Alex DeBrincat,DET,R,26,1997-12-18,Farmington Hills,MI,USA,USA,68,178,2016,CHI,2,9,39
2023,Alex Goligoski,MIN,D,38,1985-07-30,Grand Rapids,MN,USA,USA,71,173,2004,PIT,2,31,61
2023,Alex Iafallo,WPG,L,30,1993-12-21,Eden,NY,USA,USA,72,200,-,-,-,-,-
2023,Alex Kerfoot,ARI,C,29,1994-08-11,Vancouver,BC,CAN,CAN,71,186,2012,N.J,5,29,150
2023,Alex Killorn,ANA,"C, L",34,1989-09-14,Halifax,NS,CAN,CAN,73,194,2007,T.B,3,16,77
2023,Alex Laferriere,L.A,R,22,2001-10-28,Chatham,NJ,USA,USA,72,173,2020,L.A,3,21,83
2023,Alex Newhook,MTL,C,23,2001-01-28,St. John's,NL,CAN,CAN,70,190,2019,COL,1,16,16
2023,Alex Ovechkin,WSH,L,38,1985-09-17,Moscow,RUS,RUS,75,238,2004,WSH,1,1,1,
2023,Alex Petrovic,DAL,D,32,1992-03-03,Edmonton,AB,CAN,CAN,76,220,2010,FLA,2,6,36
2023,Alex Pietrangelo,VGK,D,34,1990-01-18,King City,ON,CAN,CAN,75,215,2008,STL,1,4,4
2023,Alex Steeves,TOR,C,24,1999-12-10,Bedford,NH,USA,USA,72,196,-,-,-,-,-
2023,Alex Tuch,BUF,R,27,1996-05-10,Syracuse,NY,USA,USA,76,219,2014,MIN,1,18,18
2023,Alex Turcotte,L.A,C,23,2001-02-26,Elk Grove,IL,USA,USA,71,185,2019,L.A,1,5,5
2023,Alex Vlasic,CHI,D,22,2001-06-05,Wilmette,IL,USA,USA,78,199,2019,CHI,2,12,43
2023,Alex Wennberg,"NYR, SEA",C,29,1994-09-22,Stockholm,SWE,SWE,74,190,2013,CBJ,1,14,14,
2023,Alexander Alexeyev,WSH,D,24,1999-11-15,St. Petersburg,RUS,RUS,76,213,2018,WSH,1,31,31,
2023,Alexander Barabanov,S.J,L,29,1994-06-17,St. Petersburg,RUS,RUS,70,195,-,-,-,-,-,
2023,Alexander Holtz,N.J,R,22,2002-01-23,Stockholm,SWE,SWE,72,195,2020,N.J,1,7,7,
2023,Alexander Nylander,"CBJ, PIT",L,26,1998-03-02,Calgary,AB,CAN,CAN,73,192,2016,BUF,1,8,8
2023,Alexander Romanov,NYI,D,24,2000-01-06,Moscow,RUS,RUS,73,215,2018,MTL,2,7,38,
2023,Alexandre Carrier,NSH,D,27,1996-10-08,Quebec City,QC,CAN,CAN,71,174,2015,NSH,4,24,115
2023,Alexandre Texier,CBJ,C,24,1999-09-13,St. Martin D'heres,FRA,FRA,73,186,2017,CBJ,2,14,45,
2023,Alexey Toropchenko,STL,R,24,1999-06-25,Moscow,RUS,RUS,78,222,2017,STL,4,20,113,
2023,Alexis Lafrenière,NYR,L,22,2001-10-11,St-Eustache,QC,CAN,CAN,73,195,2020,NYR,1,1,1
2023,Aliaksei Protas,WSH,C,23,2001-01-06,VITEBSK,BLR,BLR,78,225,2019,WSH,3,29,91,
2023,Anders Lee,NYI,L,33,1990-07-03,Edina,MN,USA,USA,75,235,2009,NYI,6,1,152
2023,Andre Burakovsky,SEA,L,29,1995-02-09,Klagenfurt,AUT,SWE,75,209,2013,WSH,1,23,23,
2023,Andreas Athanasiou,CHI,C,29,1994-08-06,London,ON,CAN,CAN,74,190,2012,DET,4,19,110
2023,Andreas Englund,L.A,D,28,1996-01-21,Stockholm,SWE,SWE,75,189,2014,OTT,2,10,40,
2023,Andrei Kuzmenko,"CGY, VAN",L,28,1996-02-04,YAKUTSK,RUS,RUS,71,194,-,-,-,-,-,
2023,Andrei Svechnikov,CAR,R,24,2000-03-26,Barnual,RUS,RUS,74,195,2018,CAR,1,2,2,
2023,Andrew Cogliano,COL,C,36,1987-06-14,Toronto,ON,CAN,CAN,70,179,2005,EDM,1,25,25
2023,Andrew Copp,DET,C,29,1994-07-08,Ann Arbor,MI,USA,USA,73,199,2013,WPG,4,13,104
2023,Andrew Mangiapane,CGY,L,28,1996-04-04,Toronto,ON,CAN,CAN,70,184,2015,CGY,6,15,166
2023,Andrew Peeke,"BOS, CBJ",D,26,1998-03-17,Parkland,FL,USA,USA,75,210,2016,CBJ,2,4,34
2023,Andrew Poturalski,SEA,C,30,1994-01-14,Williamsville,NY,USA,USA,70,183,-,-,-,-,-
2023,Angus Crookshank,OTT,L,24,1999-10-02,North Vancouver,BC,CAN,CAN,70,181,2018,OTT,5,2,126
2023,Anthony Beauvillier,"CHI, NSH, VAN",L,26,1997-06-08,Sorel-Tracy,QC,CAN,CAN,71,180,2015,NYI,1,28,28
2023,Anthony Cirelli,T.B,C,26,1997-07-15,Etobicoke,ON,CAN,CAN,72,189,2015,T.B,3,11,72
2023,Anthony Duclair,"S.J, T.B",L,28,1995-08-26,Pointe-Claire,QC,CAN,CAN,71,197,2013,NYR,3,19,80
2023,Anthony Mantha,"VGK, WSH",R,29,1994-09-16,Longueuil,QC,CAN,CAN,77,234,2013,DET,1,20,20
2023,Anthony Richard,BOS,C,27,1996-12-20,Trois-Rivieres,QC,CAN,CAN,71,183,2015,NSH,4,9,100
2023,Anton Blidh,NYR,L,29,1995-03-14,Molnlycke,SWE,SWE,73,197,2013,BOS,6,29,180,
2023,Anton Lundell,FLA,C,22,2001-10-03,Espoo,FIN,FIN,73,185,2020,FLA,1,12,12,
2023,Anze Kopitar,L.A,C,36,1987-08-24,Jesenice,SVN,SVN,75,225,2005,L.A,1,11,11,
2023,Arber Xhekaj,MTL,D,23,2001-01-30,Hamilton,ON,CAN,CAN,76,238,-,-,-,-,-
2023,Arshdeep Bains,VAN,L,23,2001-01-09,Surrey,BC,CAN,CAN,72,184,-,-,-,-,-
2023,Artem Zub,OTT,D,28,1995-10-03,Khabarovsk,RUS,RUS,74,200,-,-,-,-,-,
2023,Artemi Panarin,NYR,L,32,1991-10-30,Korkino,RUS,RUS,72,173,-,-,-,-,-,
2023,Arthur Kaliyev,L.A,R,22,2001-06-26,New York City,USA,USA,74,210,2019,L.A,2,2,33,
2023,Artturi Lehkonen,COL,L,28,1995-07-04,Piikkio,FIN,FIN,71,179,2013,MTL,2,25,55,
2023,Austin Czarnik,DET,C,31,1992-12-12,Detroit,MI,USA,USA,69,170,-,-,-,-,-
2023,Austin Watson,T.B,L,32,1992-01-13,Ann Arbor,MI,USA,USA,76,204,2010,NSH,1,18,18
2023,Auston Matthews,TOR,C,26,1997-09-17,San Ramon,CA,USA,USA,75,208,2016,TOR,1,1,1
2023,Axel Jonsson-Fjallby,WPG,L,26,1998-02-10,Stockholm,SWE,SWE,73,189,2016,WSH,5,26,147,
2023,Barclay Goodrow,NYR,C,31,1993-02-26,Toronto,ON,CAN,CAN,74,204,-,-,-,-,-
2023,Barrett Hayton,ARI,C,23,2000-06-09,Peterborough,ON,CAN,CAN,73,207,2018,ARI,1,5,5
2023,Beck Malenstyn,WSH,L,26,1998-02-04,Delta,BC,CAN,CAN,75,200,2016,WSH,5,24,145
2023,Ben Chiarot,DET,D,32,1991-05-09,Hamilton,ON,CAN,CAN,75,232,2009,ATL,4,29,120
2023,Ben Hutton,VGK,D,30,1993-04-20,Brockville,ON,CAN,CAN,75,201,2012,VAN,5,26,147
2023,Ben Meyers,"ANA, COL",C,25,1998-11-15,DELANO,MN,USA,USA,71,194,-,-,-,-,-
2023,Blake Coleman,CGY,C,32,1991-11-28,Plano,TX,USA,USA,71,199,2011,N.J,3,14,75
2023,Blake Lizotte,L.A,C,26,1997-12-13,Lindstrom,MN,USA,USA,69,170,-,-,-,-,-
2023,Blake Wheeler,NYR,R,37,1986-08-31,Plymouth,MN,USA,USA,77,220,2004,PHX,1,5,5
2023,Bo Groulx,ANA,C,24,2000-02-06,Gatineau,QC,CAN,CAN,74,200,2018,ANA,2,23,54
2023,Bo Horvat,NYI,C,29,1995-04-05,London,ON,CAN,CAN,72,215,2013,VAN,1,9,9
2023,Bobby Brink,PHI,R,22,2001-07-08,Minnetonka,MN,USA,USA,68,166,2019,PHI,2,3,34
2023,Bobby McMann,TOR,C,27,1996-06-15,"Wainwright, AB",AB,CAN,CAN,74,208,-,-,-,-,-
2023,Bokondji Imama,OTT,L,27,1996-08-03,Montreal,QC,CAN,CAN,73,221,2015,T.B,6,29,180
2023,Boone Jenner,CBJ,C,30,1993-06-15,Dorchester,ON,CAN,CAN,74,203,2011,CBJ,2,7,37
2023,Boris Katchouk,"CHI, OTT",L,25,1998-06-18,Waterloo,ON,CAN,CAN,74,206,2016,T.B,2,14,44
2023,Bowen Byram,"BUF, COL",D,22,2001-06-13,Cranbrook,BC,CAN,CAN,73,190,2019,COL,1,4,4
2023,Brad Marchand,BOS,L,35,1988-05-11,Halifax,NS,CAN,CAN,69,176,2006,BOS,3,8,71
2023,Braden Schneider,NYR,D,22,2001-09-20,Prince Albert,SK,CAN,CAN,75,208,2020,NYR,1,19,19
2023,Brady Skjei,CAR,D,30,1994-03-26,Lakeville,MN,USA,USA,75,210,2012,NYR,1,28,28
2023,Brady Tkachuk,OTT,L,24,1999-09-16,Scottsdale,AZ,USA,USA,76,221,2018,OTT,1,4,4
2023,Brandon Biro,BUF,L,26,1998-03-11,Sherwood Park,AB,CAN,CAN,71,170,-,-,-,-,-
2023,Brandon Carlo,BOS,D,27,1996-11-26,Colorado Springs,CO,USA,USA,78,218,2015,BOS,2,7,37
2023,Brandon Duhaime,"COL, MIN",R,26,1997-05-22,Coral Springs,FL,USA,USA,74,200,2016,MIN,4,15,106
2023,Brandon Gignac,MTL,C,26,1997-11-07,Repentigny,QC,CAN,CAN,71,170,2016,N.J,3,19,80
2023,Brandon Hagel,T.B,L,25,1998-08-27,Saskatoon,SK,CAN,CAN,74,179,2016,BUF,6,8,159
2023,Brandon Montour,FLA,D,29,1994-04-11,Brantford,ON,CAN,CAN,72,194,2014,ANA,2,25,55
2023,Brandon Saad,STL,L,31,1992-10-27,Pittsburgh,PA,USA,USA,73,215,2011,CHI,2,13,43
2023,Brandon Scanlin,NYR,D,24,1999-06-02,Hamilton,ON,CAN,CAN,75,223,-,-,-,-,-
2023,Brandon Tanev,SEA,L,32,1991-12-31,Toronto,ON,CAN,CAN,72,189,-,-,-,-,-
2023,Brandt Clarke,L.A,D,21,2003-02-09,Nepean,ON,CAN,CAN,74,185,2021,L.A,1,8,8
2023,Brayden McNabb,VGK,D,33,1991-01-21,Davidson,SK,CAN,CAN,76,215,2009,BUF,3,5,66
2023,Brayden Pachal,"CGY, VGK",D,24,1999-08-23,Estevan,SK,CAN,CAN,74,203,-,-,-,-,-
2023,Brayden Point,T.B,C,28,1996-03-13,Calgary,AB,CAN,CAN,71,180,2014,T.B,3,19,79
2023,Brayden Schenn,STL,C,32,1991-08-22,Saskatoon,SK,CAN,CAN,73,199,2009,L.A,1,5,5
2023,Brendan Brisson,VGK,C,22,2001-10-22,USA,72,191,2020,VGK,1,29,29,,,
2023,Brendan Gallagher,MTL,R,31,1992-05-06,Edmonton,AB,CAN,CAN,69,186,2010,MTL,5,27,147
2023,Brendan Gaunce,CBJ,C,30,1994-03-25,Sudbury,ON,CAN,CAN,75,219,2012,VAN,1,26,26
2023,Brendan Lemieux,CAR,L,28,1996-03-15,Denver,CO,USA,USA,73,215,2014,BUF,2,1,31
2023,Brendan Smith,N.J,D,35,1989-02-08,Mimico,ON,CAN,CAN,74,200,2007,DET,1,27,27
2023,Brenden Dillon,WPG,D,33,1990-11-13,New Westminster,BC,CAN,CAN,76,224,-,-,-,-,-
2023,Brennan Othmann,NYR,L,21,2003-01-05,Scarborough,ON,CAN,CAN,72,188,2021,NYR,1,16,16
2023,Brent Burns,CAR,D,39,1985-03-09,Barrie,ON,CAN,CAN,77,230,2003,MIN,1,20,20
2023,Brett Howden,VGK,C,26,1998-03-29,Calgary,AB,CAN,CAN,74,203,2016,T.B,1,27,27
2023,Brett Kulak,EDM,D,30,1994-01-06,Edmonton,AB,CAN,CAN,73,197,2012,CGY,4,14,105
2023,Brett Leason,ANA,R,24,1999-04-30,Calgary,AB,CAN,CAN,77,218,2019,WSH,2,25,56
2023,Brett Murray,BUF,L,25,1998-07-20,Bolton,ON,CAN,CAN,77,228,2016,BUF,4,8,99
2023,Brett Pesce,CAR,D,29,1994-11-15,Tarrytown,NY,USA,USA,75,206,2013,CAR,3,5,66
2023,Brett Seney,CHI,L,28,1996-02-28,London,ON,CAN,CAN,69,156,2015,N.J,6,6,157
2023,Brian Dumoulin,SEA,D,32,1991-09-06,Biddeford,ME,USA,USA,76,207,2009,CAR,2,21,51
2023,Brian Halonen,N.J,L,25,1999-01-11,USA,72,207,-,-,-,-,-,,,
2023,Brock Boeser,VAN,R,27,1997-02-25,Burnsville,MN,USA,USA,73,208,2015,VAN,1,23,23
2023,Brock Faber,MIN,D,21,2002-08-22,Maple Grove,MN,USA,USA,73,200,2020,L.A,2,14,45
2023,Brock McGinn,ANA,L,30,1994-02-02,Fergus,ON,CAN,CAN,72,187,2012,CAR,2,17,47
2023,Brock Nelson,NYI,C,32,1991-10-15,Warroad,MN,USA,USA,76,210,2010,NYI,1,30,30
2023,Bryan Rust,PIT,R,31,1992-05-11,Pontiac,MI,USA,USA,71,192,2010,PIT,3,20,80
2023,Byron Froese,VGK,C,33,1991-03-12,Winkler,MB,CAN,CAN,73,202,2009,CHI,4,28,119
2023,Cal Clutterbuck,NYI,R,36,1987-11-18,Welland,ON,CAN,CAN,72,212,2006,MIN,3,9,72
2023,Cal Foote,N.J,D,25,1998-12-13,Denver,CO,USA,USA,77,224,2017,T.B,1,14,14
2023,Cale Fleury,SEA,D,25,1998-11-19,Carlyle,SK,CAN,CAN,73,204,2017,MTL,3,25,87
2023,Cale Makar,COL,D,25,1998-10-30,Calgary,AB,CAN,CAN,71,187,2017,COL,1,4,4
2023,Caleb Jones,COL,D,26,1997-06-06,Arlington,TX,USA,USA,73,194,2015,EDM,4,26,117
2023,Calen Addison,"MIN, S.J",D,23,2000-04-11,Brandon,MB,CAN,CAN,71,173,2018,PIT,2,22,53
2023,Callahan Burke,CAR,C,27,1997-03-19,Boxborough,MA,USA,USA,70,183,-,-,-,-,-
2023,Calle Jarnkrok,TOR,C,32,1991-09-25,Gävle,SWE,SWE,72,192,2010,DET,2,21,51,
2023,Calle Rosen,STL,D,30,1994-02-02,Vaxjo,SWE,SWE,73,188,-,-,-,-,-,
2023,Calvin de Haan,T.B,D,32,1991-05-09,Carp,ON,CAN,CAN,73,195,2009,NYI,1,12,12
2023,Cam Atkinson,PHI,R,34,1989-06-05,Riverside,CT,USA,USA,68,176,2008,CBJ,6,6,157
2023,Cam Fowler,ANA,D,32,1991-12-05,Windsor,ON,CAN,USA,74,215,2010,ANA,1,12,12
2023,Cam York,PHI,D,23,2001-01-05,Anaheim,CA,USA,USA,71,175,2019,PHI,1,14,14
2023,Cameron Butler,CBJ,R,-,-,-,-,-,-,-,-,-,-,-,-,-
2023,Cameron Crotty,ARI,D,24,1999-05-05,Ottawa,ON,CAN,CAN,75,188,2017,ARI,3,20,82
2023,Carl Grundstrom,L.A,R,26,1997-12-01,Umea,SWE,SWE,72,195,2016,TOR,2,27,57,
2023,Carson Meyer,CBJ,R,26,1997-08-18,Powell,OH,USA,USA,71,184,-,-,-,-,-
2023,Carson Soucy,VAN,D,29,1994-07-27,Viking,AB,CAN,CAN,77,208,2013,MIN,5,16,137
2023,Carter Verhaeghe,FLA,C,28,1995-08-14,Toronto,ON,CAN,CAN,74,180,2013,TOR,3,21,82
2023,Casey Cizikas,NYI,C,33,1991-02-27,Toronto,ON,CAN,CAN,71,190,2009,NYI,4,1,92
2023,Casey Mittelstadt,"BUF, COL",C,25,1998-11-22,Edina,MN,USA,USA,73,195,2017,BUF,1,8,8
2023,Chad Ruhwedel,"NYR, PIT",D,33,1990-05-07,San Diego,CA,USA,USA,71,191,-,-,-,-,-
2023,Chandler Stephenson,VGK,C,29,1994-04-22,Saskatoon,SK,CAN,CAN,72,209,2012,WSH,3,16,77
2023,Charlie Coyle,BOS,C,32,1992-03-02,E. Weymouth,MA,USA,USA,75,223,2010,S.J,1,28,28
2023,Charlie McAvoy,BOS,D,26,1997-12-21,Long Beach,NY,USA,USA,73,209,2016,BOS,1,14,14
2023,Chris Kreider,NYR,L,32,1991-04-30,Boxford,MA,USA,USA,75,230,2009,NYR,1,19,19
2023,Chris Tanev,"CGY, DAL",D,34,1989-12-20,Toronto,ON,CAN,CAN,74,193,-,-,-,-,-
2023,Chris Tierney,N.J,C,29,1994-07-01,Keswick,ON,CAN,CAN,73,191,2012,S.J,2,25,55
2023,Chris Wagner,COL,R,32,1991-05-27,Walpole,MA,USA,USA,72,192,2010,ANA,5,2,122
2023,Christian Dvorak,MTL,C,28,1996-02-02,Palos,IL,USA,USA,73,193,2014,ARI,2,28,58
2023,Christian Fischer,DET,R,26,1997-04-15,Chicago,IL,USA,USA,74,212,2015,ARI,2,2,32
2023,Claude Giroux,OTT,R,36,1988-01-12,Hearst,ON,CAN,CAN,71,190,2006,PHI,1,22,22
2023,Clayton Keller,ARI,R,25,1998-07-29,Chesterfield,MO,USA,USA,70,178,2016,ARI,1,7,7
2023,Cody Ceci,EDM,D,30,1993-12-21,Ottawa,ON,CAN,CAN,74,210,2012,OTT,1,15,15
2023,Cody Glass,NSH,C,25,1999-04-01,Winnipeg,MB,CAN,CAN,75,206,2017,VGK,1,6,6
2023,Cole Caufield,MTL,R,23,2001-01-02,Mosinee,WI,USA,USA,67,174,2019,MTL,1,15,15
2023,Cole Guttman,CHI,C,25,1999-04-06,Northridge,CA,USA,USA,69,167,2017,T.B,6,25,180
2023,Cole Koepke,T.B,L,25,1998-05-17,Two Harbors,MN,USA,USA,73,196,2018,T.B,6,28,183
2023,Cole McWard,VAN,D,22,2001-06-09,Fenton,MO,USA,USA,73,192,-,-,-,-,-
2023,Cole Perfetti,WPG,C,22,2002-01-01,Whitby,ON,CAN,CAN,71,184,2020,WPG,1,10,10
2023,Cole Schwindt,CGY,R,22,2001-04-25,Kitchener,ON,CAN,CAN,74,182,2019,FLA,3,19,81
2023,Cole Sillinger,CBJ,C,20,2003-05-16,Columbus,OH,USA,USA,73,201,2021,CBJ,1,12,12
2023,Cole Smith,NSH,L,28,1995-10-28,Brainerd,MN,USA,USA,75,195,-,-,-,-,-
2023,Colin Blackwell,CHI,C,31,1993-03-28,Lawrence,MA,USA,USA,69,190,2011,S.J,7,13,193
2023,Colin Miller,"N.J, WPG",D,31,1992-10-29,Sault Ste. Marie,ON,CAN,CAN,73,200,2012,L.A,5,30,151
2023,Colin White,"MTL, PIT",C,27,1997-01-30,Boston,MA,USA,USA,73,194,2015,OTT,1,21,21
2023,Collin Graf,S.J,R,21,2002-09-21,USA,73,194,-,-,-,-,-,,,
2023,Colton Parayko,STL,D,30,1993-05-12,St. Albert,AB,CAN,CAN,78,228,2012,STL,3,25,86
2023,Colton Sissons,NSH,C,30,1993-11-05,North Vancouver,BC,CAN,CAN,73,200,2012,NSH,2,20,50
2023,Connor Bedard,CHI,C,18,2005-07-17,CAN,70,185,2023,CHI,1,1,1,,,
2023,Connor Brown,EDM,R,30,1994-01-14,Toronto,ON,CAN,CAN,72,181,2012,TOR,6,5,156
2023,Connor Clifton,BUF,D,28,1995-04-28,Long Branch,NJ,USA,USA,71,190,2013,PHX,5,12,133
2023,Connor Dewar,"MIN, TOR",C,24,1999-06-26,Gilbert Plains,MB,CAN,CAN,70,183,2018,MIN,3,30,92
2023,Connor Mackey,NYR,D,27,1996-09-12,Tower Lakes,IL,USA,USA,74,197,-,-,-,-,-
2023,Connor McDavid,EDM,C,27,1997-01-13,Richmond Hill,ON,CAN,CAN,73,193,2015,EDM,1,1,1
2023,Connor McMichael,WSH,C,23,2001-01-15,Ajax,ON,CAN,CAN,72,180,2019,WSH,1,25,25
2023,Connor Murphy,CHI,D,31,1993-03-26,Dublin,OH,USA,USA,76,212,2011,PHX,1,20,20
2023,Connor Zary,CGY,C,22,2001-09-25,Saskatoon,SK,CAN,CAN,72,178,2020,CGY,1,24,24
2023,Conor Garland,VAN,R,28,1996-03-11,Scituate,MA,USA,USA,70,165,2015,ARI,5,2,123
2023,Conor Sheary,T.B,L,31,1992-06-08,Winchester,MA,USA,USA,69,179,-,-,-,-,-
2023,Conor Timmins,TOR,D,25,1998-09-18,St. Catharines,ON,CAN,CAN,74,202,2017,COL,2,1,32
2023,Corey Perry,"CHI, EDM",R,38,1985-05-16,Peterborough,ON,CAN,CAN,75,208,2003,ANA,1,28,28
2023,Craig Smith,DAL,C,34,1989-09-05,Madison,WI,USA,USA,72,204,2009,NSH,4,7,98
2023,Curtis Lazar,N.J,C,29,1995-02-02,Salmon Arm,BC,CAN,CAN,72,203,2013,OTT,1,17,17
2023,Daemon Hunt,MIN,D,21,2002-05-15,CAN,73,201,2020,MIN,3,3,65,,,
2023,Dakota Joshua,VAN,C,27,1996-05-15,Dearborn,MI,USA,USA,75,206,2014,TOR,5,8,128
2023,Dakota Mermis,MIN,D,30,1994-01-05,Alton,IL,USA,USA,72,195,-,-,-,-,-
2023,Damon Severson,CBJ,D,29,1994-08-07,Melville,SK,CAN,CAN,74,205,2012,N.J,2,30,60
2023,Daniel Sprong,DET,R,27,1997-03-17,Amsterdam,NLD,NLD,72,202,2015,PIT,2,16,46,
2023,Daniil Miromanov,"CGY, VGK",D,26,1997-07-11,Moscow,RUS,RUS,76,200,-,-,-,-,-,
2023,Danil Gushchin,S.J,L,22,2002-02-06,Yekaterinburg,RUS,RUS,68,165,2020,S.J,3,14,76,
2023,Dante Fabbro,NSH,D,25,1998-06-20,Coquitlam,BC,CAN,CAN,72,189,2016,NSH,1,17,17
2023,Danton Heinen,BOS,L,28,1995-07-05,Langley,BC,CAN,CAN,73,188,2014,BOS,4,26,116
2023,Darnell Nurse,EDM,D,29,1995-02-04,Hamilton,ON,CAN,CAN,76,221,2013,EDM,1,7,7
2023,Darren Raddysh,T.B,D,28,1996-02-28,Toronto,ON,CAN,CAN,73,200,-,-,-,-,-
2023,David Gustafsson,WPG,C,23,2000-04-11,Tingsryd,SWE,SWE,74,212,2018,WPG,2,29,60,
2023,David Jiricek,CBJ,D,20,2003-11-28,Klatovy,CZE,CZE,76,199,2022,CBJ,1,6,6,
2023,David Kampf,TOR,C,29,1995-01-12,Chomutov,CZE,CZE,74,197,-,-,-,-,-,
2023,David Pastrnak,BOS,R,27,1996-05-25,Havirov,CZE,CZE,73,195,2014,BOS,1,25,25,
2023,David Perron,DET,L,35,1988-05-28,Sherbrooke,QC,CAN,CAN,73,196,2007,STL,1,26,26
2023,David Savard,MTL,D,33,1990-10-22,St. Hyacinthe,QC,CAN,CAN,73,235,2009,CBJ,4,3,94
2023,Dawson Mercer,N.J,C,22,2001-10-27,Carbonear,NL,CAN,CAN,72,180,2020,N.J,1,18,18
2023,Declan Carlile,T.B,D,-,-,-,-,-,-,-,-,-,-,-,-,-
2023,Declan Chisholm,"MIN, WPG",D,24,2000-01-12,Bowmanville,ON,CAN,CAN,73,185,2018,WPG,5,26,150
2023,Denis Gurianov,"NSH, PHI",R,26,1997-06-07,Togliatti,RUS,RUS,75,205,2015,DAL,1,12,12,
2023,Dennis Gilbert,CGY,D,27,1996-10-30,Buffalo,NY,USA,USA,74,216,2015,CHI,3,30,91
2023,Derek Forbort,BOS,D,32,1992-03-04,Duluth,MN,USA,USA,76,208,2010,L.A,1,15,15
2023,Derek Ryan,EDM,C,37,1986-12-29,Spokane,WA,USA,USA,70,185,-,-,-,-,-
2023,Derrick Pouliot,DAL,D,30,1994-01-16,Estevan,SK,CAN,CAN,72,196,2012,PIT,1,8,8
2023,Devin Shore,SEA,C,29,1994-07-19,Ajax,ON,CAN,CAN,73,206,2012,DAL,2,31,61
2023,Devon Toews,COL,D,30,1994-02-21,Abbotsford,BC,CAN,CAN,73,191,2014,NYI,4,18,108
2023,Dillon Dube,CGY,C,25,1998-07-20,Golden,AB,CAN,CAN,71,185,2016,CGY,2,26,56
2023,Dmitri Voronkov,CBJ,L,23,2000-09-10,RUS,77,240,2019,CBJ,4,21,114,,,
2023,Dmitry Kulikov,FLA,D,33,1990-10-29,Lipetsk,RUS,RUS,73,201,2009,FLA,1,14,14,
2023,Dmitry Orlov,CAR,D,32,1991-07-23,Novokuznetsk,RUS,RUS,71,214,2009,WSH,2,25,55,
2023,Dominic Toninato,WPG,C,30,1994-03-09,Duluth,MN,USA,USA,74,191,2012,TOR,5,5,126
2023,Dominik Kubalik,OTT,L,28,1995-08-21,Plzen,CZE,CZE,74,190,2013,L.A,7,10,191,
2023,Dougie Hamilton,N.J,D,30,1993-06-17,Toronto,ON,CAN,CAN,78,230,2011,BOS,1,9,9
2023,Drake Batherson,OTT,R,25,1998-04-27,Fort Wayne,IN,USA,USA,75,200,2017,OTT,4,28,121
2023,Drew Doughty,L.A,D,34,1989-12-08,London,ON,CAN,CAN,73,210,2008,L.A,1,2,2
2023,Drew O'Connor,PIT,L,25,1998-06-09,Chatham,NJ,USA,USA,75,200,-,-,-,-,-
2023,Dryden Hunt,CGY,L,28,1995-11-24,Cranbrook,BC,CAN,CAN,72,193,-,-,-,-,-
2023,Dylan Cozens,BUF,C,23,2001-02-09,Whitehorse,YT,CAN,CAN,75,195,2019,BUF,1,7,7
2023,Dylan DeMelo,WPG,D,30,1993-05-01,London,ON,CAN,CAN,72,195,2011,S.J,6,28,179
2023,Dylan Guenther,ARI,R,20,2003-04-10,Edmonton,AB,CAN,CAN,74,175,2021,ARI,1,9,9
2023,Dylan Holloway,EDM,L,22,2001-09-23,Calgary,AB,CAN,CAN,73,203,2020,EDM,1,14,14
2023,Dylan Larkin,DET,C,27,1996-07-30,Waterford,MI,USA,USA,73,198,2014,DET,1,15,15
2023,Dylan McIlrath,WSH,D,31,1992-04-20,Winnipeg,MB,CAN,CAN,77,232,2010,NYR,1,10,10
2023,Dylan Samberg,WPG,D,25,1999-01-24,Saginaw,MN,USA,USA,76,219,2017,WPG,2,12,43
2023,Dylan Strome,WSH,C,27,1997-03-07,Mississauga,ON,CAN,CAN,75,200,2015,ARI,1,3,3
2023,Eeli Tolvanen,SEA,R,24,1999-04-22,Vihti,FIN,FIN,70,191,2017,NSH,1,30,30,
2023,Eetu Luostarinen,FLA,C,25,1998-09-02,Siilinjarvi,FIN,FIN,75,190,2017,CAR,2,11,42,
2023,Egor Afanasyev,NSH,L,23,2001-01-23,Tver,RUS,RUS,76,211,2019,NSH,2,14,45,
2023,Egor Zamula,PHI,D,24,2000-03-30,Chelyabinsk,RUS,RUS,75,177,-,-,-,-,-,
2023,Elias Lindholm,"CGY, VAN",C,29,1994-12-02,Boden,SWE,SWE,73,202,2013,CAR,1,5,5,
2023,Elias Pettersson,VAN,C,25,1998-11-12,Sundsvall,SWE,SWE,74,176,2017,VAN,1,5,5,
2023,Emil Andrae,PHI,D,-,-,-,-,-,-,-,-,-,-,-,-,-
2023,Emil Bemstrom,"CBJ, PIT","C, R",24,1999-06-01,Nykoping,SWE,SWE,72,195,2017,CBJ,4,24,117,
2023,Emil Heineman,MTL,L,22,2001-11-16,Leksand,SWE,SWE,72,194,2020,FLA,2,12,43,
2023,Emil Lilleberg,T.B,D,23,2001-02-02,NOR,74,192,2021,ARI,4,11,107,,,
2023,Eric Robinson,"BUF, CBJ",L,28,1995-06-14,BELLMAWR,NJ,USA,USA,74,205,-,-,-,-,-
2023,Erik Brannstrom,OTT,D,24,1999-09-02,Eksjo,SWE,SWE,70,185,2017,VGK,1,15,15,
2023,Erik Cernak,T.B,D,26,1997-05-28,Kosice,SVK,SVK,76,224,2015,L.A,2,13,43,
2023,Erik Gudbranson,CBJ,D,32,1992-01-07,Ottawa,ON,CAN,CAN,77,222,2010,FLA,1,3,3
2023,Erik Gustafsson,NYR,D,32,1992-03-14,Nynashamn,SWE,SWE,72,197,2012,EDM,4,2,93,
2023,Erik Haula,N.J,L,33,1991-03-23,Pori,FIN,FIN,71,191,2009,MIN,7,1,182,
2023,Erik Johnson,"BUF, PHI",D,36,1988-03-21,Bloomington,MN,USA,USA,76,225,2006,STL,1,1,1
2023,Erik Karlsson,PIT,D,33,1990-05-31,Landsbro,SWE,SWE,72,190,2008,OTT,1,15,15,
2023,Esa Lindell,DAL,D,29,1994-05-23,Vantaa,FIN,FIN,75,220,2012,DAL,3,13,74,
2023,Ethan Bear,WSH,D,26,1997-06-26,Regina,SK,CAN,CAN,71,197,2015,EDM,5,3,124
2023,Evan Bouchard,EDM,D,24,1999-10-20,Oakville,ON,CAN,CAN,75,194,2018,EDM,1,10,10
2023,Evan Rodrigues,FLA,C,30,1993-07-28,Toronto,ON,CAN,CAN,71,184,-,-,-,-,-
2023,Evander Kane,EDM,L,32,1991-08-02,Vancouver,BC,CAN,CAN,74,210,2009,ATL,1,4,4
2023,Evgeni Malkin,PIT,C,37,1986-07-31,Magnitogorsk,RUS,RUS,75,195,2004,PIT,1,2,2,
2023,Evgenii Dadonov,DAL,R,35,1989-03-12,Chelyabinsk,RUS,RUS,71,189,2007,FLA,3,10,71,
2023,Evgeny Kuznetsov,"CAR, WSH",C,31,1992-05-19,Chelyabinsk,RUS,RUS,74,207,2010,WSH,1,26,26,
2023,Fabian Zetterlund,S.J,L,24,1999-08-25,Karlstad,SWE,SWE,71,220,2017,N.J,3,1,63,
2023,Filip Chytil,NYR,C,24,1999-09-05,Kromeriz,CZE,CZE,74,204,2017,NYR,1,21,21,
2023,Filip Forsberg,NSH,L,29,1994-08-13,Ostervala,SWE,SWE,73,205,2012,WSH,1,11,11,
2023,Filip Hronek,VAN,D,26,1997-11-02,Hradec Králové,CZE,CZE,72,190,2016,DET,2,23,53,
2023,Filip Roos,CHI,D,25,1999-01-05,Gothenburg,SWE,SWE,76,190,-,-,-,-,-,
2023,Filip Zadina,S.J,R,24,1999-11-27,Pardubice,CZE,CZE,72,190,2018,DET,1,6,6,
2023,Frank Vatrano,ANA,R,30,1994-03-14,East Longmeadow,MA,USA,USA,71,197,-,-,-,-,-
2023,Fraser Minten,TOR,C,-,-,-,-,-,-,-,-,-,-,-,-,-
2023,Frederick Gaudreau,MIN,C,30,1993-05-01,Bromont,QC,CAN,CAN,72,184,-,-,-,-,-
2023,Fredrik Olofsson,COL,L,27,1996-05-27,Helsingborg,SWE,SWE,74,190,2014,CHI,4,8,98,
2023,Gabriel Vilardi,WPG,C,24,1999-08-16,Kingston,ON,CAN,CAN,75,215,2017,L.A,1,11,11
2023,Gage Goncalves,T.B,C,23,2001-01-16,CAN,72,181,2020,T.B,2,31,62,,,
2023,Garnet Hathaway,PHI,R,32,1991-11-23,Kennebunkport,ME,USA,USA,75,208,-,-,-,-,-
2023,Georgii Merkulov,BOS,C,23,2000-10-10,Ryazan,RUS,RUS,71,179,-,-,-,-,-,
2023,Givani Smith,S.J,R,26,1998-02-28,Thornhill,ON,CAN,CAN,74,214,2016,DET,2,16,46
2023,Glenn Gawdin,ANA,C,27,1997-03-25,Richmond,BC,CAN,CAN,73,191,2015,STL,4,25,116
2023,Graeme Clarke,N.J,R,22,2001-04-24,Waconia,MN,USA,USA,72,175,2019,N.J,3,18,80
2023,Grant Hutton,NYI,D,28,1995-07-25,Carmel,IN,USA,USA,76,214,-,-,-,-,-
2023,Grigori Denisenko,VGK,L,23,2000-06-24,Novosibirsk,RUS,RUS,71,186,2018,FLA,1,15,15,
2023,Gustav Forsling,FLA,D,27,1996-06-12,Linkoping,SWE,SWE,72,186,2014,VAN,5,6,126,
2023,Gustav Lindstrom,"ANA, MTL",D,25,1998-10-20,Ostervala,SWE,SWE,74,186,2017,DET,2,7,38,
2023,Gustav Nyquist,NSH,C,34,1989-09-01,Halmstad,SWE,SWE,71,180,2008,DET,4,30,121,
2023,Gustav Olofsson,SEA,D,29,1994-12-01,Boras,SWE,SWE,74,199,2013,MIN,2,16,46,
2023,Hampus Lindholm,BOS,D,30,1994-01-20,Helsingborg,SWE,SWE,76,215,2012,ANA,1,6,6,
2023,Hardy Haman Aktell,WSH,D,25,1998-07-04,Kage,Swe,75,198,2016,NSH,4,17,108,,
2023,Haydn Fleury,T.B,D,27,1996-07-08,Carlyle,SK,CAN,CAN,76,208,2014,CAR,1,7,7
2023,Hendrix Lapierre,WSH,C,22,2002-02-09,Gatineau,QC,CAN,CAN,72,180,2020,WSH,1,22,22
2023,Henri Jokiharju,BUF,D,24,1999-06-17,Oulu,FIN,FIN,72,200,2017,CHI,1,29,29,
2023,Henry Thrun,S.J,D,23,2001-03-12,Southborough,MA,USA,USA,74,190,2019,ANA,4,8,101
2023,Hudson Fasching,NYI,R,28,1995-07-28,Milwaukee,WI,USA,USA,75,204,2013,L.A,4,27,118
2023,Hugh McGing,STL,L,25,1998-07-11,Chicago,IL,USA,USA,68,176,2018,STL,5,14,138
2023,Ian Cole,VAN,D,35,1989-02-21,Ann Arbor,MI,USA,USA,73,225,2007,STL,1,18,18
2023,Ian Mitchell,BOS,D,25,1999-01-18,St. Albert,AB,CAN,CAN,71,193,2017,CHI,2,26,57
2023,Ilya Lyubushkin,"ANA, TOR",D,30,1994-04-06,Moscow,RUS,RUS,74,200,-,-,-,-,-,
2023,Ilya Mikheyev,VAN,R,29,1994-10-10,Omsk,RUS,RUS,74,192,-,-,-,-,-,
2023,Ilya Solovyov,CGY,D,23,2000-07-20,Mogilev,BLR,BLR,75,208,2020,CGY,7,19,205,
2023,Isaak Phillips,CHI,D,22,2001-09-28,Barrie,ON,CAN,CAN,75,205,2020,CHI,5,17,141
2023,Isac Lundestrom,ANA,C,24,1999-11-06,Gallivare,SWE,SWE,72,193,2018,ANA,1,23,23,
2023,Isak Rosen,BUF,R,21,2003-03-15,Solna,SWE,SWE,71,156,2021,BUF,1,14,14,
2023,Ivan Barbashev,VGK,C,28,1995-12-14,Moscow,RUS,RUS,73,195,2014,STL,2,3,33,
2023,Ivan Miroshnichenko,WSH,L,20,2004-02-04,RUS,73,185,2022,WSH,1,20,20,,,
2023,Ivan Provorov,CBJ,D,27,1997-01-13,Yaroslavl,RUS,RUS,73,201,2015,PHI,1,7,7,
2023,J.J. Moser,ARI,D,23,2000-06-06,Biel,CHE,CHE,73,173,2021,ARI,2,28,60,
2023,J.T. Compher,DET,L,28,1995-04-08,Northbrook,IL,USA,USA,72,190,2013,BUF,2,5,35
2023,J.T. Miller,VAN,C,31,1993-03-14,East Palestine,OH,USA,USA,73,218,2011,NYR,1,15,15
2023,JJ Peterka,BUF,R,22,2002-01-14,Munich,DEU,DEU,72,189,2020,BUF,2,3,34,
2023,Jaccob Slavin,CAR,D,29,1994-05-01,Denver,CO,USA,USA,75,207,2012,CAR,4,29,120
2023,Jack Drury,CAR,C,24,2000-02-03,New York,NY,USA,USA,71,174,2018,CAR,2,11,42
2023,Jack Eichel,VGK,C,27,1996-10-28,North Chelmsford,MA,USA,USA,74,207,2015,BUF,1,2,2
2023,Jack Hughes,N.J,C,22,2001-05-14,Orlando,FL,USA,USA,71,175,2019,N.J,1,1,1
2023,Jack Johnson,COL,D,37,1987-01-13,Indianapolis,IN,USA,USA,73,227,2005,CAR,1,3,3
2023,Jack McBain,ARI,C,24,2000-01-06,Toronto,ON,CAN,CAN,75,201,2018,MIN,3,1,63
2023,Jack Quinn,BUF,R,22,2001-09-19,Ottawa,ON,CAN,CAN,73,185,2020,BUF,1,8,8
2023,Jack Roslovic,"CBJ, NYR",C,27,1997-01-29,Columbus,OH,USA,USA,73,200,2015,WPG,1,25,25
2023,Jack St. Ivany,PIT,D,24,1999-07-22,Manhattan Beach,CA,USA,USA,75,198,2018,PHI,4,19,112
2023,Jack Studnicka,"S.J, VAN",C,25,1999-02-18,Windsor,ON,CAN,CAN,73,187,2017,BOS,2,22,53
2023,Jack Thompson,T.B,D,22,2002-03-19,CAN,73,178,2020,T.B,3,31,93,,,
2023,Jackson LaCombe,ANA,D,23,2001-01-09,Eden Prairie,MN,USA,USA,73,171,2019,ANA,2,8,39
2023,Jacob Bernard-Docker,OTT,D,23,2000-06-30,Canmore,AB,CAN,CAN,72,190,2018,OTT,1,26,26
2023,Jacob Bryson,BUF,D,26,1997-11-18,London,ON,CAN,CAN,69,176,2017,BUF,4,6,99
2023,Jacob Lucchini,MIN,C,28,1995-05-09,Trail,BC,CAN,CAN,72,180,-,-,-,-,-
2023,Jacob MacDonald,S.J,D,31,1993-02-26,Portland,OR,USA,72,204,-,-,-,-,-,
2023,Jacob Moverare,L.A,D,25,1998-08-31,Ostersund,SWE,SWE,75,210,2016,L.A,4,21,112,
2023,Jacob Peterson,S.J,C,24,1999-07-19,Lidkoping,SWE,SWE,73,180,2017,DAL,5,8,132,
2023,Jacob Trouba,NYR,D,30,1994-02-26,Rochester,MI,USA,USA,75,203,2012,WPG,1,9,9
2023,Jaden Schwartz,SEA,C,31,1992-06-25,Wilcox,SK,CAN,CAN,70,185,2010,STL,1,14,14
2023,Jake Bean,CBJ,D,25,1998-06-09,Calgary,AB,CAN,CAN,73,196,2016,CAR,1,13,13
2023,Jake Christiansen,CBJ,D,24,1999-09-12,West Vancouver,BC,CAN,CAN,72,193,-,-,-,-,-
2023,Jake DeBrusk,BOS,L,27,1996-10-17,Edmonton,AB,CAN,CAN,72,197,2015,BOS,1,14,14
2023,Jake Evans,MTL,C,27,1996-06-02,Toronto,ON,CAN,CAN,72,186,2014,MTL,7,27,207
2023,Jake Guentzel,"CAR, PIT","C, L",29,1994-10-06,Omaha,NE,USA,USA,71,180,2013,PIT,3,16,77
2023,Jake Leschyshyn,NYR,C,25,1999-03-10,Raleigh,NC,USA,USA,71,195,2017,VGK,2,31,62
2023,Jake McCabe,TOR,D,30,1993-10-12,Eau Claire,WI,USA,USA,73,204,2012,BUF,2,14,44
2023,Jake Middleton,MIN,D,28,1996-01-02,Wainwright,AB,CAN,CAN,75,219,2014,L.A,7,30,210
2023,Jake Neighbours,STL,L,22,2002-03-29,Calgary,AB,CAN,CAN,72,201,2020,STL,1,26,26
2023,Jake Sanderson,OTT,D,21,2002-07-08,Whitefish,MT,USA,USA,75,195,2020,OTT,1,5,5
2023,Jake Walman,DET,D,28,1996-02-20,Toronto,ON,CAN,CAN,74,215,2014,STL,3,22,82
2023,Jakob Chychrun,OTT,D,26,1998-03-31,Boca Raton,FL,USA,USA,74,220,2016,ARI,1,16,16
2023,Jakob Pelletier,CGY,L,23,2001-03-07,Québec,QC,CAN,CAN,69,170,2019,CGY,1,26,26
2023,Jakob Silfverberg,ANA,R,33,1990-10-13,Gävle,SWE,SWE,73,207,2009,OTT,2,9,39,
2023,Jakub Lauko,BOS,C,24,2000-03-28,Prague,CZE,CZE,72,196,2018,BOS,3,15,77,
2023,Jakub Vrana,STL,L,28,1996-02-28,Prague,CZE,CZE,72,190,2014,WSH,1,13,13,
2023,Jalen Chatfield,CAR,D,27,1996-05-15,Ypsilanti,MI,USA,USA,73,188,-,-,-,-,-
2023,James Hamblin,EDM,L,24,1999-04-27,Edmonton,AB,CAN,CAN,69,176,-,-,-,-,-
2023,James Malatesta,CBJ,L,20,2003-05-31,Montréal,QC,CAN,CAN,69,185,2021,CBJ,5,5,133
2023,James van Riemsdyk,BOS,L,34,1989-05-04,Middletown,NJ,USA,USA,75,208,2007,PHI,1,2,2
2023,Jamie Benn,DAL,L,34,1989-07-18,Victoria,BC,CAN,CAN,74,205,2007,DAL,5,8,129
2023,Jamie Drysdale,"ANA, PHI",D,21,2002-04-08,Toronto,ON,CAN,CAN,71,183,2020,ANA,1,6,6
2023,Jamie Oleksiak,SEA,D,31,1992-12-21,Toronto,ON,CAN,CAN,79,257,2011,DAL,1,14,14
2023,Jan Jenik,ARI,R,23,2000-09-15,Nymburk,CZE,CZE,73,185,2018,ARI,3,3,65,
2023,Jan Rutta,S.J,D,33,1990-07-29,Písek,CZE,CZE,75,204,-,-,-,-,-,
2023,Jani Hakanpää,DAL,D,32,1992-03-31,Kirkkonummi,FIN,FIN,78,225,2010,STL,4,14,104,
2023,Jansen Harkins,PIT,C,26,1997-05-23,Cleveland,OH,USA,USA,73,182,2015,WPG,2,17,47
2023,Jared McCann,SEA,L,27,1996-05-31,Stratford,ON,CAN,CAN,73,191,2014,VAN,1,24,24
2023,Jared Spurgeon,MIN,D,34,1989-11-29,Edmonton,AB,CAN,CAN,69,166,2008,NYI,6,5,156
2023,Jaret Anderson-Dolan,L.A,C,24,1999-09-12,Calgary,AB,CAN,CAN,71,200,2017,L.A,2,10,41
2023,Jarred Tinordi,CHI,D,32,1992-02-20,Burnsville,MN,USA,USA,78,229,2010,MTL,1,22,22
2023,Jason Dickinson,CHI,C,28,1995-07-04,Georgetown,ON,CAN,CAN,74,200,2013,DAL,1,29,29
2023,Jason Polin,COL,R,24,1999-06-17,USA,72,198,-,-,-,-,-,,,
2023,Jason Robertson,DAL,L,24,1999-07-22,Arcadia,CA,USA,USA,75,200,2017,DAL,2,8,39
2023,Jason Zucker,"ARI, NSH",L,32,1992-01-16,Newport Beach,CA,USA,USA,71,192,2010,MIN,2,29,59
2023,Jaycob Megna,CHI,D,31,1992-12-10,Plantation,FL,USA,USA,78,220,2012,ANA,7,29,210
2023,Jayden Struble,MTL,D,22,2001-09-08,USA,72,202,2019,MTL,2,15,46,,,
2023,Jean-Gabriel Pageau,NYI,C,31,1992-11-11,Ottawa,ON,CAN,CAN,71,185,2011,OTT,4,5,96
2023,Jean-Luc Foudy,COL,C,21,2002-05-13,Scarborough,ON,CAN,CAN,71,177,2020,COL,3,13,75
2023,Jeff Carter,PIT,C,39,1985-01-01,London,ON,CAN,CAN,75,219,2003,PHI,1,11,11
2023,Jeff Petry,DET,D,36,1987-12-09,Ann Arbor,MI,USA,USA,75,209,2006,EDM,2,15,45
2023,Jeff Skinner,BUF,L,31,1992-05-16,Toronto,ON,CAN,CAN,71,197,2010,CAR,1,7,7
2023,Jeremy Lauzon,NSH,D,26,1997-04-28,Val D'or,QC,CAN,CAN,73,204,2015,BOS,2,22,52
2023,Jesper Boqvist,BOS,C,25,1998-10-30,Falun,SWE,SWE,72,180,2017,N.J,2,5,36,
2023,Jesper Bratt,N.J,L,25,1998-07-30,Stockholm,SWE,SWE,70,175,2016,N.J,6,11,162,
2023,Jesper Fast,CAR,R,32,1991-12-02,Nassjo,SWE,SWE,73,191,2010,NYR,6,7,157,
2023,Jesperi Kotkaniemi,CAR,C,23,2000-07-06,Pori,FIN,FIN,74,201,2018,MTL,1,3,3,
2023,Jesse Puljujarvi,PIT,R,25,1998-05-07,Alvkarleby,SWE,FIN,76,201,2016,EDM,1,4,4,
2023,Jesse Ylönen,MTL,R,24,1999-10-03,Scottsdale,AZ,USA,USA,73,188,2018,MTL,2,4,35
2023,Jimmy Vesey,NYR,L,30,1993-05-26,Boston,MA,USA,USA,75,202,2012,NSH,3,5,66
2023,Jiri Kulich,BUF,C,19,2004-04-14,Kadan,CZE,CZE,71,172,2022,BUF,1,28,28,
2023,Jiri Smejkal,OTT,L,27,1996-11-05,CZE,76,209,-,-,-,-,-,,,
2023,Joe Pavelski,DAL,C,39,1984-07-11,Plover,WI,USA,USA,71,200,2003,S.J,7,8,205
2023,Joe Snively,WSH,C,28,1996-01-01,Herndon,VA,USA,USA,69,176,-,-,-,-,-
2023,Joe Veleno,DET,C,24,2000-01-13,Montreal,QC,CAN,CAN,73,203,2018,DET,1,30,30
2023,Joel Armia,MTL,R,30,1993-05-31,Pori,FIN,FIN,75,216,2011,BUF,1,16,16,
2023,Joel Edmundson,"TOR, WSH",D,30,1993-06-28,Brandon,MB,CAN,CAN,77,221,2011,STL,2,16,46
2023,Joel Eriksson Ek,MIN,C,27,1997-01-29,Karlstad,SWE,SWE,75,207,2015,MIN,1,20,20,
2023,Joel Farabee,PHI,L,24,2000-02-25,Syracuse,NY,USA,USA,72,183,2018,PHI,1,14,14
2023,Joel Hanley,"CGY, DAL",D,32,1991-06-08,Keswick,ON,CAN,CAN,71,190,-,-,-,-,-
2023,Joel Kiviranta,COL,L,28,1996-03-23,Vantaa,FIN,FIN,71,185,-,-,-,-,-,
2023,Joey Anderson,CHI,R,25,1998-06-19,Roseville,MN,USA,USA,72,207,2016,N.J,3,12,73
2023,John Beecher,BOS,C,23,2001-04-05,Elmira,NY,USA,USA,75,215,2019,BOS,1,30,30
2023,John Carlson,WSH,D,34,1990-01-10,Natick,MA,USA,USA,75,215,2008,WSH,1,27,27
2023,John Hayden,SEA,C,29,1995-02-14,Chicago,IL,USA,USA,75,223,2013,CHI,3,13,74
2023,John Klingberg,TOR,D,31,1992-08-14,Gothenburg,SWE,SWE,75,190,2010,DAL,5,11,131,
2023,John Leonard,ARI,L,25,1998-08-07,Westwood,NJ,USA,USA,71,196,2018,S.J,6,27,182
2023,John Ludvig,PIT,D,23,2000-08-02,Liberec,CZE,CZE,73,213,2019,FLA,3,7,69,
2023,John Marino,N.J,D,26,1997-05-21,Brockton,MA,USA,USA,73,181,2015,EDM,6,3,154
2023,John Tavares,TOR,C,33,1990-09-20,Mississauga,ON,CAN,CAN,73,216,2009,NYI,1,1,1
2023,Johnathan Kovacevic,MTL,D,26,1997-07-12,Niagara Falls,ON,CAN,CAN,76,208,2017,WPG,3,12,74
2023,Johnny Gaudreau,CBJ,L,30,1993-08-13,Salem,NJ,USA,USA,69,165,2011,CGY,4,13,104
2023,Jon Merrill,MIN,D,32,1992-02-03,Oklahoma City,OK,USA,USA,75,204,2010,N.J,2,8,38
2023,Jonah Gadjovich,FLA,L,25,1998-10-12,Whitby,ON,CAN,CAN,74,209,2017,VAN,2,24,55
2023,Jonas Brodin,MIN,D,30,1993-07-12,Karlstad,SWE,SWE,74,196,2011,MIN,1,10,10,
2023,Jonas Rondbjerg,VGK,R,25,1999-03-31,Horsholm,DNK,DNK,74,203,2017,VGK,3,3,65,
2023,Jonas Siegenthaler,N.J,D,26,1997-05-06,Zurich,CHE,CHE,74,218,2015,WSH,2,27,57,
2023,Jonatan Berggren,DET,R,23,2000-07-16,Uppsala,SWE,SWE,71,197,2018,DET,2,2,33,
2023,Jonathan Drouin,COL,L,29,1995-03-28,Ste-Agathe,QC,CAN,CAN,71,198,2013,T.B,1,3,3
2023,Jonathan Gruden,PIT,C,23,2000-05-04,Rochester Hills,MI,USA,USA,72,172,2018,OTT,4,2,95
2023,Jonathan Huberdeau,CGY,C,30,1993-06-04,Saint-Jerome,QC,CAN,CAN,73,200,2011,FLA,1,3,3
2023,Jonathan Marchessault,VGK,R,33,1990-12-27,Cap-Rouge,QC,CAN,CAN,69,183,-,-,-,-,-
2023,Jonny Brodzinski,NYR,C,30,1993-06-19,Ham Lake,MN,USA,USA,72,212,2013,L.A,5,27,148
2023,Joona Koppanen,PIT,L,26,1998-02-25,Tampere,FIN,FIN,77,216,2016,BOS,5,14,135,
2023,Jordan Eberle,SEA,R,33,1990-05-15,Regina,SK,CAN,CAN,71,190,2008,EDM,1,22,22
2023,Jordan Greenway,BUF,L,27,1997-02-16,Canton,NY,USA,USA,78,231,2015,MIN,2,20,50
2023,Jordan Harris,MTL,D,23,2000-07-07,Haverhill,MA,USA,USA,71,189,2018,MTL,3,9,71
2023,Jordan Kyrou,STL,C,25,1998-05-05,Toronto,ON,CAN,CAN,73,196,2016,STL,2,5,35
2023,Jordan Martinook,CAR,L,31,1992-07-25,Brandon,MB,CAN,CAN,72,196,2012,PHX,2,28,58
2023,Jordan Oesterle,CGY,D,31,1992-06-25,Dearborn Heights,MI,USA,USA,72,187,-,-,-,-,-
2023,Jordan Spence,L.A,D,23,2001-02-24,Manly,AUS,AUS,70,180,2019,L.A,4,2,95,
2023,Jordan Staal,CAR,C,35,1988-09-10,Thunder Bay,ON,CAN,CAN,76,220,2006,PIT,1,2,2
2023,Josh Anderson,MTL,R,29,1994-05-07,Burlington,ON,CAN,CAN,75,218,2012,CBJ,4,4,95
2023,Josh Brown,ARI,D,30,1994-01-21,London,ON,CAN,CAN,77,220,2013,FLA,6,1,152
2023,Josh Doan,ARI,R,22,2002-02-01,USA,73,183,2021,ARI,2,5,37,,,
2023,Josh Mahura,FLA,D,25,1998-05-05,St. Albert,AB,CAN,CAN,72,185,2016,ANA,3,24,85
2023,Josh Manson,COL,D,32,1991-10-07,Hinsdale,IL,USA,CAN,75,218,2011,ANA,6,9,160
2023,Josh Morrissey,WPG,D,29,1995-03-28,Calgary,AB,CAN,CAN,72,185,2013,WPG,1,13,13
2023,Josh Norris,OTT,C,24,1999-05-05,Oxford,MI,USA,USA,74,195,2017,S.J,1,19,19
2023,Joshua Roy,MTL,R,20,2003-08-06,Saint-Georges-De-Beauce,QC,CAN,CAN,72,193,2021,MTL,5,22,150
2023,Jujhar Khaira,MIN,L,29,1994-08-13,Surrey,BC,CAN,CAN,76,212,2012,EDM,3,2,63
2023,Julien Gauthier,NYI,R,26,1997-10-15,Pointe-aux-Trembles,QC,CAN,CAN,76,224,2016,CAR,1,21,21
2023,Juraj Slafkovsky,MTL,L,20,2004-03-30,Kosice,SVK,SVK,75,238,2022,MTL,1,1,1,
2023,Justin Bailey,S.J,R,28,1995-07-01,Buffalo,NY,USA,USA,76,214,2013,BUF,2,22,52
2023,Justin Barron,MTL,D,22,2001-11-15,Halifax,NS,CAN,CAN,74,201,2020,COL,1,25,25
2023,Justin Brazeau,BOS,R,26,1998-02-02,New Liskeard,ON,CAN,77,220,-,-,-,-,-,
2023,Justin Danforth,CBJ,R,31,1993-03-15,Oshawa,ON,CAN,CAN,69,190,-,-,-,-,-
2023,Justin Dowling,N.J,C,33,1990-10-01,Calgary,AB,CAN,CAN,70,180,-,-,-,-,-
2023,Justin Faulk,STL,D,32,1992-03-20,South St.Paul,MN,USA,USA,72,214,2010,CAR,2,7,37
2023,Justin Holl,DET,D,32,1992-01-30,Tonka Bay,MN,USA,USA,75,197,2010,CHI,2,24,54
2023,Justin Kirkland,ARI,C,27,1996-08-02,Winnipeg,MB,CAN,CAN,75,183,2014,NSH,3,2,62
2023,Justin Schultz,SEA,D,33,1990-07-06,Kelowna,BC,CAN,CAN,74,190,2008,ANA,2,13,43
2023,Justin Sourdif,FLA,R,-,-,-,-,-,-,-,-,-,-,-,-,-
2023,Juuso Parssinen,NSH,C,23,2001-02-01,Hameenlinna,FIN,FIN,75,212,2019,NSH,7,24,210,
2023,Juuso Valimaki,ARI,D,25,1998-10-06,Tampere,FIN,FIN,74,205,2017,CGY,1,16,16,
2023,K'Andre Miller,NYR,D,24,2000-01-21,St. Paul,MN,USA,USA,77,215,2018,NYR,1,22,22
2023,Kaapo Kakko,NYR,R,23,2001-02-13,Turku,FIN,FIN,74,206,2019,NYR,1,2,2,
2023,Kaedan Korczak,VGK,D,23,2001-01-29,Yorkton,SK,CAN,CAN,75,202,2019,VGK,2,10,41
2023,Kaiden Guhle,MTL,D,22,2002-01-18,Edmonton,AB,CAN,CAN,74,205,2020,MTL,1,16,16
2023,Kailer Yamamoto,SEA,R,25,1998-09-29,Spokane,WA,USA,USA,68,153,2017,EDM,1,22,22
2023,Kale Clague,BUF,D,25,1998-06-05,Regina,SK,CAN,CAN,72,190,2016,L.A,2,21,51
2023,Kasperi Kapanen,STL,R,27,1996-07-23,Kuopio,FIN,FIN,73,194,2014,PIT,1,22,22,
2023,Keegan Kolesar,VGK,R,26,1997-04-08,Brandon,MB,CAN,CAN,74,217,2015,CBJ,3,8,69
2023,Kent Johnson,CBJ,C,21,2002-10-18,Port Moody,BC,CAN,CAN,72,175,2021,CBJ,1,5,5
2023,Kevin Bahl,N.J,D,23,2000-06-27,New Westminster,BC,CAN,CAN,78,230,-,-,-,-,-
2023,Kevin Fiala,L.A,L,27,1996-07-22,St. Gallen,CHE,CHE,70,204,2014,NSH,1,11,11,
2023,Kevin Hayes,STL,R,31,1992-05-08,Dorchester,MA,USA,USA,77,216,2010,CHI,1,24,24
2023,Kevin Korchinski,CHI,D,19,2004-06-21,Saskatoon,SK,CAN,CAN,73,185,2022,CHI,1,7,7
2023,Kevin Labanc,S.J,R,28,1995-12-12,Brooklyn,NY,USA,USA,71,185,2014,S.J,6,21,171
2023,Kevin Rooney,CGY,C,30,1993-05-21,Canton,MA,USA,USA,74,190,-,-,-,-,-
2023,Kevin Shattenkirk,BOS,D,35,1989-01-29,New Rochelle,NY,USA,USA,72,212,2007,COL,1,14,14
2023,Kevin Stenlund,FLA,C,27,1996-09-20,Huddinge,SWE,SWE,77,215,2015,CBJ,2,28,58,
2023,Kiefer Sherwood,NSH,L,29,1995-03-31,Columbus,OH,USA,USA,72,194,-,-,-,-,-
2023,Kirby Dach,MTL,C,23,2001-01-21,Fort Saskatchewan,AB,CAN,CAN,76,212,2019,CHI,1,3,3
2023,Kirill Kaprizov,MIN,L,26,1997-04-26,Novokuznetsk,RUS,RUS,70,202,2015,MIN,5,14,135,
2023,Kirill Marchenko,CBJ,R,23,2000-07-21,Barnaul,RUS,RUS,75,197,2018,CBJ,2,18,49,
2023,Klim Kostin,"DET, S.J",C,24,1999-05-05,Penza,RUS,RUS,75,215,2017,STL,1,31,31,
2023,Kole Lind,SEA,R,25,1998-10-16,Swift Current,SK,CAN,CAN,73,178,2017,VAN,2,2,33
2023,Kris Letang,PIT,D,36,1987-04-24,Montreal,QC,CAN,CAN,72,201,2005,PIT,3,1,62
2023,Kurtis MacDermid,"COL, N.J","D, L",30,1994-03-25,Sauble Beach,ON,CAN,CAN,77,233,-,-,-,-,-
2023,Kyle Burroughs,S.J,D,28,1995-07-12,Vancouver,BC,CAN,CAN,72,193,2013,NYI,7,15,196
2023,Kyle Connor,WPG,L,27,1996-12-09,Shelby Twp.,MI,USA,USA,74,179,2015,WPG,1,17,17
2023,Kyle MacLean,NYI,C,24,1999-04-29,USA,73,190,-,-,-,-,-,,,
2023,Kyle Okposo,"BUF, FLA",R,35,1988-04-16,St. Paul,MN,USA,USA,72,218,2006,NYI,1,7,7
2023,Kyle Palmieri,NYI,C,33,1991-02-01,Smithtown,NY,USA,USA,71,198,2009,ANA,1,26,26
2023,Landon Slaggert,CHI,L,21,2002-06-25,USA,72,180,2020,CHI,3,17,79,,,
2023,Lars Eller,PIT,C,34,1989-05-08,Rodovre,DNK,DNK,74,205,2007,STL,1,13,13,
2023,Lawson Crouse,ARI,L,26,1997-06-23,Mt. Brydges,ON,CAN,CAN,76,215,2015,FLA,1,11,11
2023,Leo Carlsson,ANA,C,19,2004-12-26,SWE,75,194,2023,ANA,1,2,2,,,
2023,Leon Draisaitl,EDM,C,28,1995-10-27,Cologne,DEU,DEU,74,208,2014,EDM,1,3,3,
2023,Liam Foudy,"CBJ, NSH",C,24,2000-02-04,Toronto,ON,CAN,CAN,74,188,2018,CBJ,1,18,18
2023,Liam O'Brien,ARI,C,29,1994-07-29,Halifax,NS,CAN,CAN,73,213,-,-,-,-,-
2023,Linus Karlsson,VAN,C,24,1999-11-16,Eksjö,SWE,SWE,73,178,2018,S.J,3,25,87,
2023,Logan Cooley,ARI,C,19,2004-05-04,Pittsburgh,PA,USA,USA,70,174,-,-,-,-,-
2023,Logan Couture,S.J,C,35,1989-03-28,Guelph,ON,CAN,CAN,73,206,2007,S.J,1,9,9
2023,Logan Morrison,SEA,C,21,2002-07-09,CAN,72,179,-,-,-,-,-,,,
2023,Logan O'Connor,COL,R,27,1996-08-14,Missouri City,TX,USA,USA,72,175,-,-,-,-,-
2023,Logan Stankoven,DAL,C,21,2003-02-26,Kamloops,BC,CAN,CAN,67,170,2021,DAL,2,15,47
2023,Logan Stanley,WPG,D,25,1998-05-26,Waterloo,ON,CAN,CAN,79,242,2016,WPG,1,18,18
2023,Louie Belpedio,PHI,D,27,1996-05-14,Skokie,IL,USA,USA,71,197,2014,MIN,3,20,80
2023,Louis Crevier,CHI,D,22,2001-05-04,Quebec City,QC,CAN,CAN,72,196,2020,CHI,7,2,188
2023,Lucas Condotta,MTL,L,26,1997-06-19,Georgetown,ON,CAN,CAN,73,223,-,-,-,-,-
2023,Lucas Johansen,WSH,D,26,1997-11-16,Vancouver,BC,CAN,CAN,74,176,2016,WSH,1,28,28
2023,Lucas Raymond,DET,L,22,2002-03-28,Gothenburg,SWE,SWE,71,176,2020,DET,1,4,4,
2023,Lukas Cormier,VGK,D,22,2002-03-27,CAN,71,185,2020,VGK,3,6,68,,,
2023,Lukas Reichel,CHI,L,21,2002-05-17,Nürnberg,DEU,DEU,72,170,2020,CHI,1,17,17,
2023,Lukas Rousek,BUF,R,24,1999-04-20,Ostrov Nad Ohri,CZE,CZE,71,171,2019,BUF,6,5,160,
2023,Luke Evangelista,NSH,R,22,2002-02-21,Toronto,ON,CAN,CAN,72,183,2020,NSH,2,11,42
2023,Luke Glendening,T.B,C,34,1989-04-28,Grand Rapids,MI,USA,USA,71,190,-,-,-,-,-
2023,Luke Hughes,N.J,D,20,2003-09-09,Manchester,NH,USA,USA,74,184,2021,N.J,1,4,4
2023,Luke Kunin,S.J,C,26,1997-12-04,Chesterfield,MO,USA,USA,72,197,2016,MIN,1,15,15
2023,Luke Schenn,NSH,D,34,1989-11-02,Saskatoon,SK,CAN,CAN,74,225,2008,TOR,1,5,5
2023,MacKenzie Entwistle,CHI,R,24,1999-07-14,Georgetown,ON,CAN,CAN,75,184,2017,ARI,3,7,69
2023,MacKenzie Weegar,CGY,D,30,1994-01-07,Ottawa,ON,CAN,CAN,72,206,2013,FLA,7,25,206
2023,Mackenzie MacEachern,STL,L,30,1994-03-09,Bloomfield Hills,MI,USA,USA,74,193,2012,STL,3,6,67
2023,Mackie Samoskevich,FLA,R,21,2002-11-15,Newtown,CT,USA,USA,71,191,2021,FLA,1,24,24
2023,Marat Khusnutdinov,MIN,C,21,2002-07-17,RUS,71,176,2020,MIN,2,6,37,,,
2023,Marc Del Gaizo,NSH,D,24,1999-10-11,Basking Ridge,NJ,USA,USA,71,188,2019,NSH,4,16,109
2023,Marc Johnstone,PIT,R,27,1996-06-19,USA,72,181,-,-,-,-,-,,,
2023,Marc McLaughlin,BOS,C,24,1999-07-26,North Billerica,MA,USA,USA,72,203,-,-,-,-,-
2023,Marc Staal,PHI,D,37,1987-01-13,Thunder Bay,ON,CAN,CAN,76,208,2005,NYR,1,12,12
2023,Marc-Edouard Vlasic,S.J,D,37,1987-03-30,Montreal,QC,CAN,CAN,73,205,2005,S.J,2,5,35
2023,Marco Rossi,MIN,C,22,2001-09-23,Feldkirch,AUT,AUT,69,182,2020,MIN,1,9,9,
2023,Marco Scandella,STL,D,34,1990-02-23,Montreal,QC,CAN,CAN,75,212,2008,MIN,2,25,55
2023,Marcus Foligno,MIN,L,32,1991-08-10,Buffalo,NY,USA,CAN,75,226,2009,BUF,4,13,104
2023,Marcus Johansson,MIN,L,33,1990-10-06,Landskrona,SWE,SWE,73,203,2009,WSH,1,24,24,
2023,Marcus Pettersson,PIT,D,27,1996-05-08,Skellefteå,SWE,SWE,75,177,2014,ANA,2,8,38,
2023,Mario Ferraro,S.J,D,25,1998-09-17,Toronto,ON,CAN,CAN,72,209,2017,S.J,2,18,49
2023,Marián Studenic,SEA,R,25,1998-10-28,Skalica,SVK,SVK,73,190,2017,N.J,5,19,143,
2023,Mark Friedman,VAN,D,28,1995-12-25,Toronto,ON,CAN,CAN,71,185,2014,PHI,3,26,86
2023,Mark Giordano,TOR,D,40,1983-10-03,Toronto,ON,CAN,CAN,72,205,-,-,-,-,-
2023,Mark Jankowski,NSH,C,29,1994-09-13,Hamilton,ON,CAN,CAN,76,212,2012,CGY,1,21,21
2023,Mark Kastelic,OTT,C,25,1999-03-11,Phoenix,AZ,USA,75,233,2019,OTT,5,1,125,
2023,Mark Scheifele,WPG,C,31,1993-03-15,Kitchener,ON,CAN,CAN,75,198,2011,WPG,1,7,7
2023,Mark Stone,VGK,R,31,1992-05-13,Winnipeg,MB,CAN,CAN,75,217,2010,OTT,6,28,178
2023,Marshall Rifai,TOR,D,26,1998-03-16,CAN,72,185,-,-,-,-,-,,,
2023,Martin Fehervary,WSH,D,24,1999-10-06,Bratislava,SVK,SVK,74,199,2018,WSH,2,15,46,
2023,Martin Necas,CAR,C,25,1999-01-15,Nove Mesto na Morave,CZE,CZE,74,189,2017,CAR,1,12,12,
2023,Martin Pospisil,CGY,C,24,1999-11-19,Zvolen,SVK,SVK,74,173,2018,CGY,4,12,105,
2023,Mason Appleton,WPG,C,28,1996-01-15,Green Bay,WI,USA,USA,75,197,2015,WPG,6,17,168
2023,Mason Lohrei,BOS,D,23,2001-01-17,USA,77,211,2020,BOS,2,27,58,,,
2023,Mason Marchment,DAL,L,28,1995-06-18,Uxbridge,ON,CAN,76,210,-,-,-,-,-,
2023,Mason McTavish,ANA,C,21,2003-01-30,Zurich,CHE,CHE,72,213,2021,ANA,1,3,3,
2023,Mason Morelli,VGK,L,28,1996-02-01,USA,73,198,-,-,-,-,-,,,
2023,Mason Shaw,MIN,C,25,1998-11-03,Lloydminster,AB,CAN,CAN,70,184,2017,MIN,4,4,97
2023,Mathew Barzal,NYI,C,26,1997-05-26,Coquitlam,BC,CAN,CAN,73,190,2015,NYI,1,16,16
2023,Mathieu Joseph,OTT,R,27,1997-02-09,Laval,QC,CAN,CAN,73,187,2015,T.B,4,29,120
2023,Mathieu Olivier,CBJ,R,27,1997-02-11,Biloxi,MS,USA,USA,73,217,-,-,-,-,-
2023,Matias Maccelli,ARI,L,23,2000-10-14,Turku,FIN,FIN,71,176,2019,ARI,4,5,98,
2023,Mats Zuccarello,MIN,R,36,1987-09-01,Oslo,NOR,NOR,68,181,-,-,-,-,-,
2023,Matt Boldy,MIN,L,23,2001-04-05,Milford,MA,USA,USA,74,201,2019,MIN,1,12,12
2023,Matt Coronato,CGY,R,21,2002-11-14,Greenlawn,NY,USA,USA,70,183,2021,CGY,1,13,13
2023,Matt Duchene,DAL,C,33,1991-01-16,Haliburton,ON,CAN,CAN,71,195,2009,COL,1,3,3
2023,Matt Dumba,"ARI, T.B",D,29,1994-07-25,Regina,SK,CAN,CAN,72,181,2012,MIN,1,7,7
2023,Matt Grzelcyk,BOS,D,30,1994-01-05,Charlestown,MA,USA,USA,70,176,2012,BOS,3,24,85
2023,Matt Martin,NYI,L,34,1989-05-08,Windsor,ON,CAN,CAN,75,220,2008,NYI,5,27,148
2023,Matt Nieto,PIT,L,31,1992-11-05,Long Beach,CA,USA,USA,71,187,2011,S.J,2,17,47
2023,Matt Rempe,NYR,C,21,2002-06-29,Calgary,AB,CAN,CAN,80,240,2020,NYR,6,10,165
2023,Matt Roy,L.A,D,29,1995-03-01,Detroit,MI,USA,USA,73,205,2015,L.A,7,13,194
2023,Matt Savoie,BUF,C,20,2004-01-01,St. Albert,AB,CAN,CAN,69,179,2022,BUF,1,9,9
2023,Matthew Benning,S.J,D,29,1994-05-25,Edmonton,AB,CAN,CAN,73,203,2012,BOS,6,24,175
2023,Matthew Highmore,OTT,C,28,1996-02-27,Halifax,NS,CAN,CAN,71,188,-,-,-,-,-
2023,Matthew Kessel,STL,D,23,2000-06-23,Phoenix,AZ,USA,USA,74,205,2020,STL,5,26,150
2023,Matthew Knies,TOR,L,21,2002-10-17,Phoenix,AZ,USA,USA,74,210,2021,TOR,2,25,57
2023,Matthew Phillips,"PIT, WSH",R,26,1998-04-06,Calgary,AB,CAN,CAN,67,140,2016,CGY,6,15,166
2023,Matthew Poitras,BOS,C,20,2004-03-10,Ajax,ON,CAN,CAN,71,176,2022,BOS,2,22,54
2023,Matthew Tkachuk,FLA,L,26,1997-12-11,Scottsdale,AZ,USA,USA,74,201,2016,CGY,1,6,6
2023,Mattias Ekholm,EDM,D,33,1990-05-24,Borlange,SWE,SWE,76,215,2009,NSH,4,11,102,
2023,Mattias Janmark,EDM,C,31,1992-12-08,Stockholm,SWE,SWE,73,205,2013,DET,3,18,79,
2023,Mattias Samuelsson,BUF,D,24,2000-03-14,Philadelphia,PA,USA,USA,76,231,2018,BUF,2,1,32
2023,Matty Beniers,SEA,C,21,2002-11-05,Hingham,MA,USA,USA,74,178,2021,SEA,1,2,2
2023,Mavrik Bourque,DAL,C,22,2002-01-08,Plessisville,QC,CAN,CAN,70,185,2020,DAL,1,30,30
2023,Max Domi,TOR,C,29,1995-03-02,Winnipeg,MB,CAN,CAN,70,194,2013,PHX,1,12,12
2023,Max Jones,ANA,L,26,1998-02-17,Rochester,MI,USA,USA,75,216,2016,ANA,1,24,24
2023,Max Lajoie,TOR,D,26,1997-11-05,Quebec City,QC,CAN,CAN,73,196,2016,OTT,5,12,133
2023,Max McCormick,SEA,L,31,1992-05-01,De Pere,WI,USA,USA,71,188,2011,OTT,6,20,171
2023,Max Pacioretty,WSH,L,35,1988-11-20,New Canaan,CT,USA,USA,74,217,2007,MTL,1,22,22
2023,Max Willman,N.J,C,29,1995-02-13,Barnstable,MA,USA,USA,72,184,2014,BUF,5,1,121
2023,Maxence Guenette,OTT,D,22,2001-04-28,L'Ancienne-Lorette,QC,CAN,CAN,73,181,2019,OTT,7,1,187
2023,Maxwell Crozier,T.B,D,23,2000-04-19,CAN,73,197,2019,T.B,4,27,120,,,
2023,Michael Amadio,VGK,R,27,1996-05-13,Sault Ste. Marie,ON,CAN,CAN,73,204,2014,L.A,3,30,90
2023,Michael Bunting,"CAR, PIT",L,28,1995-09-17,Scarborough,ON,CAN,CAN,72,192,2014,ARI,4,27,117
2023,Michael Carcone,ARI,L,27,1996-05-19,Ajax,ON,CAN,CAN,69,170,-,-,-,-,-
2023,Michael Eyssimont,T.B,C,27,1996-09-09,Littleton,CO,USA,USA,72,180,2016,L.A,5,21,142
2023,Michael Kesselring,ARI,D,24,2000-01-13,New Hampton,NH,USA,USA,76,190,2018,EDM,6,9,164
2023,Michael McCarron,NSH,R,29,1995-03-07,Grosse Pointe,MI,USA,USA,78,232,2013,MTL,1,25,25
2023,Michael McLeod,N.J,C,26,1998-02-03,Mississauga,ON,CAN,CAN,74,190,2016,N.J,1,12,12
2023,Michael Pezzetta,MTL,L,26,1998-03-13,Toronto,ON,CAN,CAN,73,210,2016,MTL,6,9,160
2023,Michael Rasmussen,DET,C,24,1999-04-17,Vancouver,BC,CAN,CAN,78,211,2017,DET,1,9,9
2023,Michael Sgarbossa,WSH,C,31,1992-07-25,Campbellville,ON,CAN,CAN,72,179,-,-,-,-,-
2023,Mika Zibanejad,NYR,C,30,1993-04-18,Huddinge,SWE,SWE,74,202,2011,OTT,1,6,6,
2023,Mikael Backlund,CGY,C,35,1989-03-17,Vasteras,SWE,SWE,72,206,2007,CGY,1,24,24,
2023,Mikael Granlund,S.J,C,32,1992-02-26,Oulu,FIN,FIN,70,185,2010,MIN,1,9,9,
2023,Mikael Pyyhtia,CBJ,L,22,2001-12-17,Turku,FIN,FIN,72,166,2020,CBJ,4,21,114,
2023,Mike Hoffman,S.J,C,34,1989-11-24,Kitchener,ON,CAN,CAN,72,190,2009,OTT,5,9,130
2023,Mike Matheson,MTL,D,30,1994-02-27,Pointe-Claire,QC,CAN,CAN,74,193,2012,FLA,1,23,23
2023,Mike Reilly,"FLA, NYI",D,30,1993-07-13,Chicago,IL,USA,USA,73,196,2011,CBJ,4,7,98
2023,Mikey Anderson,L.A,D,24,1999-05-25,Fridley,MN,USA,USA,72,195,2017,L.A,4,10,103
2023,Mikhail Sergachev,T.B,D,25,1998-06-25,Nizhnekamsk,RUS,RUS,73,217,2016,MTL,1,9,9,
2023,Mikko Rantanen,COL,R,27,1996-10-29,Nousiainen,FIN,FIN,76,215,2015,COL,1,10,10,
2023,Milan Lucic,BOS,L,35,1988-06-07,Vancouver,BC,CAN,CAN,75,240,2006,BOS,2,20,50
2023,Miles Wood,COL,L,28,1995-09-13,Buffalo,NY,USA,USA,74,195,2013,N.J,4,9,100
2023,Milos Kelemen,ARI,L,24,1999-07-06,Svolen,SVK,SVK,74,210,-,-,-,-,-,
2023,Miro Heiskanen,DAL,D,24,1999-07-18,Espoo,FIN,FIN,73,195,2017,DAL,1,3,3,
2023,Mitchell Chaffee,T.B,R,26,1998-01-26,Rockford,MI,USA,USA,73,201,-,-,-,-,-
2023,Mitchell Marner,TOR,R,26,1997-05-05,Markham,ON,CAN,CAN,72,181,2015,TOR,1,4,4
2023,Mitchell Stephens,MTL,C,27,1997-02-05,Peterborough,ON,CAN,CAN,71,190,2015,T.B,2,3,33
2023,Morgan Barron,WPG,C,25,1998-12-02,Halifax,NS,CAN,CAN,76,220,2017,NYR,6,19,174
2023,Morgan Frost,PHI,C,24,1999-05-14,Aurora,ON,CAN,CAN,71,170,2017,PHI,1,27,27
2023,Morgan Geekie,BOS,C,25,1998-07-20,Strathclair,MB,CAN,CAN,75,200,2017,CAR,3,5,67
2023,Morgan Rielly,TOR,D,30,1994-03-09,Vancouver,BC,CAN,CAN,73,222,2012,TOR,1,5,5
2023,Moritz Seider,DET,D,23,2001-04-06,Zell,DEU,DEU,76,204,2019,DET,1,6,6,
2023,Nate Schmidt,WPG,D,32,1991-07-16,St. Cloud,MN,USA,USA,72,195,-,-,-,-,-
2023,Nathan Bastian,N.J,R,26,1997-12-06,Kitchener,ON,CAN,CAN,76,205,2016,N.J,2,11,41
2023,Nathan MacKinnon,COL,C,28,1995-09-01,Halifax,NS,CAN,CAN,72,200,2013,COL,1,1,1
2023,Nathan Walker,STL,L,30,1994-02-07,Cardiff,GBR,AUS,69,187,2014,WSH,3,29,89,
2023,Nazem Kadri,CGY,C,33,1990-10-06,London,ON,CAN,CAN,72,185,2009,TOR,1,7,7
2023,Neal Pionk,WPG,D,28,1995-07-29,Hermantown,MN,USA,USA,72,185,-,-,-,-,-
2023,Nic Dowd,WSH,C,33,1990-05-27,Huntsville,AL,USA,USA,73,193,2009,L.A,7,17,198
2023,Nic Petan,MIN,C,29,1995-03-22,Delta,BC,CAN,CAN,69,175,2013,WPG,2,13,43
2023,Nicholas Paul,T.B,L,29,1995-03-20,Mississauga,ON,CAN,CAN,75,223,2013,DAL,4,10,101
2023,Nicholas Robertson,TOR,L,22,2001-09-11,Pasadena,CA,USA,USA,69,183,2019,TOR,2,22,53
2023,Nick Bjugstad,ARI,C,31,1992-07-17,Minneapolis,MN,USA,USA,78,209,2010,FLA,1,19,19
2023,Nick Blankenburg,CBJ,D,25,1998-05-12,WASHINGTON,MI,USA,USA,69,177,-,-,-,-,-
2023,Nick Bonino,NYR,C,35,1988-04-20,Hartford,CT,USA,USA,73,195,2007,S.J,6,22,173
2023,Nick Cousins,FLA,C,30,1993-07-20,Belleville,ON,CAN,CAN,71,192,2011,PHI,3,7,68
2023,Nick DeSimone,"CGY, N.J",D,29,1994-11-21,East Amherst,NY,USA,USA,74,185,-,-,-,-,-
2023,Nick Foligno,CHI,L,36,1987-10-31,Buffalo,NY,USA,USA,72,210,2006,OTT,1,28,28
2023,Nick Jensen,WSH,D,33,1990-09-21,St. Paul,MN,USA,USA,73,205,2009,DET,5,29,150
2023,Nick Leddy,STL,D,33,1991-03-20,Eden Prairie,MN,USA,USA,72,205,2009,MIN,1,16,16
2023,Nick Perbix,T.B,D,25,1998-06-15,Minneapolis,MN,USA,USA,74,191,2017,T.B,6,14,169
2023,Nick Schmaltz,ARI,C,28,1996-02-23,Madison,WI,USA,USA,72,181,2014,CHI,1,20,20
2023,Nick Seeler,PHI,D,30,1993-06-03,Eden Prairie,MN,USA,USA,74,201,2011,MIN,5,10,131
2023,Nick Suzuki,MTL,C,24,1999-08-10,London,ON,CAN,CAN,71,208,2017,VGK,1,13,13
2023,Nicklas Backstrom,WSH,C,36,1987-11-23,Gävle,SWE,SWE,73,202,2006,WSH,1,4,4,
2023,Nico Hischier,N.J,C,25,1999-01-04,Brig,CHE,CHE,73,175,2017,N.J,1,1,1,
2023,Nico Sturm,S.J,C,28,1995-05-03,Augsburg,DEU,DEU,75,209,-,-,-,-,-,
2023,Nicolas Aube-Kubel,WSH,R,27,1996-05-10,Slave Lake,AB,CAN,CAN,72,207,2014,PHI,2,18,48
2023,Nicolas Deslauriers,PHI,L,33,1991-02-22,LaSalle,QC,CAN,CAN,73,220,2009,L.A,3,23,84
2023,Nicolas Hague,VGK,D,25,1998-12-05,Kitchener,ON,CAN,CAN,78,230,2017,VGK,2,3,34
2023,Nicolas Roy,VGK,C,27,1997-02-05,Amos,QC,CAN,CAN,76,202,2015,CAR,4,5,96
2023,Nikita Alexandrov,STL,C,23,2000-09-16,Burgwedel,DEU,DEU,73,177,-,-,-,-,-,
2023,Nikita Kucherov,T.B,R,30,1993-06-17,Maykop,RUS,RUS,71,181,2011,T.B,2,28,58,
2023,Nikita Nesterenko,ANA,C,22,2001-09-10,Brooklyn,NY,USA,USA,74,183,2019,MIN,6,17,172
2023,Nikita Okhotiuk,"CGY, S.J",D,23,2000-12-04,Chelyabinsk,RUS,RUS,73,195,2019,N.J,2,30,61,
2023,Nikita Zadorov,"CGY, VAN",D,28,1995-04-16,Moscow,RUS,RUS,78,248,2013,BUF,1,16,16,
2023,Nikita Zaitsev,CHI,D,32,1991-10-29,Moscow,RUS,RUS,74,192,-,-,-,-,-,
2023,Niko Mikkola,FLA,D,27,1996-04-27,Finland,FIN,FIN,76,209,2015,STL,5,6,127,
2023,Nikolai Knyzhov,S.J,D,27,1997-03-20,KEMEROVO,RUS,RUS,75,222,-,-,-,-,-,
2023,Nikolaj Ehlers,WPG,L,28,1996-02-14,Aalborg,DNK,DNK,72,169,2014,WPG,1,9,9,
2023,Nikolas Matinpalo,OTT,D,25,1998-10-05,Espoo,Fin,75,207,-,-,-,-,-,,
2023,Nils Aman,VAN,C,24,2000-02-07,Avesta,SWE,SWE,74,179,2020,COL,6,12,167,
2023,Nils Hoglander,VAN,L,23,2000-12-20,BOCKTRäSK,SWE,SWE,69,185,2019,VAN,2,9,40,
2023,Nils Lundkvist,DAL,D,23,2000-07-27,Pitea,SWE,SWE,71,190,2018,NYR,1,28,28,
2023,Nino Niederreiter,WPG,R,31,1992-09-08,Chur,CHE,CHE,74,218,2010,NYI,1,5,5,
2023,Noah Cates,PHI,L,25,1999-02-05,Stillwater,MN,USA,USA,73,165,2017,PHI,5,13,137
2023,Noah Dobson,NYI,D,24,2000-01-07,Summerside,PE,CAN,CAN,76,194,2018,NYI,1,12,12
2023,Noah Gregor,TOR,C,25,1998-07-28,Beaumont,AB,CAN,CAN,72,190,2016,S.J,4,20,111
2023,Noah Hanifin,"CGY, VGK",D,27,1997-01-25,Boston,MA,USA,USA,75,207,2015,CAR,1,5,5
2023,Noah Juulsen,VAN,D,27,1997-04-02,Surrey,BC,CAN,CAN,74,201,2015,MTL,1,26,26
2023,Noel Acciari,PIT,C,32,1991-12-01,Johnston,RI,USA,USA,70,209,-,-,-,-,-
2023,Olen Zellweger,ANA,D,20,2003-09-10,Calgary,AB,CAN,CAN,69,175,2021,ANA,2,2,34
2023,Oliver Bjorkstrand,SEA,R,28,1995-04-10,Herning,DNK,DNK,72,175,2013,CBJ,3,28,89,
2023,Oliver Ekman-Larsson,FLA,D,32,1991-07-17,Karlskrona,SWE,SWE,74,200,2009,PHX,1,6,6,
2023,Oliver Kylington,CGY,D,26,1997-05-19,Stockholm,SWE,SWE,72,183,2015,CGY,2,30,60,
2023,Oliver Wahlstrom,NYI,R,23,2000-06-13,Portland,ME,USA,USA,74,204,2018,NYI,1,11,11
2023,Olle Lycksell,PHI,R,24,1999-08-24,Oskarshamn,SWE,SWE,70,163,2017,PHI,6,13,168,
2023,Olli Maatta,DET,D,29,1994-08-22,Jyväskylä,FIN,FIN,74,207,2012,PIT,1,22,22,
2023,Ondrej Palat,N.J,L,33,1991-03-28,Frydek-Mistek,CZE,CZE,72,194,2011,T.B,7,27,208,
2023,Ondrej Pavel,COL,C,-,-,-,-,-,-,-,-,-,-,-,-,-
2023,Oskar Lindblom,S.J,L,27,1996-08-15,Gävle,SWE,SWE,73,191,2014,PHI,5,18,138,
2023,Oskar Olausson,COL,R,21,2002-11-10,Stockholm,SWE,SWE,73,180,2021,COL,1,28,28,
2023,Oskar Steen,BOS,C,26,1998-03-09,Karlstad,SWE,SWE,70,193,2016,BOS,6,14,165,
2023,Oskar Sundqvist,STL,C,30,1994-03-23,Boden,SWE,SWE,75,220,2012,PIT,3,20,81,
2023,Owen Power,BUF,D,21,2002-11-22,Mississauga,ON,CAN,CAN,78,218,2021,BUF,1,1,1
2023,Owen Tippett,PHI,R,25,1999-02-16,Peterborough,ON,CAN,CAN,73,207,2017,FLA,1,10,10
2023,Parker Kelly,OTT,L,24,1999-05-14,Camrose,AB,CAN,CAN,72,190,-,-,-,-,-
2023,Parker Wotherspoon,BOS,D,26,1997-08-24,Surrey,BC,CAN,CAN,73,190,2015,NYI,4,21,112
2023,Pat Maroon,MIN,L,35,1988-04-23,St. Louis,MO,USA,USA,75,234,2007,PHI,6,10,161
2023,Patrick Brown,BOS,C,31,1992-05-29,Bloomfield Hills,MI,USA,USA,73,210,-,-,-,-,-
2023,Patrick Kane,DET,R,35,1988-11-19,Buffalo,NY,USA,USA,70,177,2007,CHI,1,1,1
2023,Patrik Koch,ARI,D,27,1996-12-08,Malacky,SVK,SVK,73,190,-,-,-,-,-,
2023,Patrik Laine,CBJ,L,25,1998-04-19,Tampere,FIN,FIN,77,205,2016,WPG,1,2,2,
2023,Paul Cotter,VGK,C,24,1999-11-16,Canton,MI,USA,USA,74,212,2018,VGK,4,22,115
2023,Pavel Buchnevich,STL,L,28,1995-04-17,Cherepovets,RUS,RUS,73,196,2013,NYR,3,14,75,
2023,Pavel Dorofeyev,VGK,L,23,2000-10-26,Nizhny Tagil,RUS,RUS,73,194,2019,VGK,3,17,79,
2023,Pavel Mintyukov,ANA,D,20,2003-11-25,Moscow,RUS,RUS,73,192,2022,ANA,1,10,10,
2023,Pavel Zacha,BOS,C,27,1997-04-06,Brno,CZE,CZE,76,199,2015,N.J,1,6,6,
2023,Pavol Regenda,ANA,L,24,1999-12-07,Michalovce,SVK,SVK,76,212,-,-,-,-,-,
2023,Peyton Krebs,BUF,C,23,2001-01-26,Calgary,AB,CAN,CAN,72,187,2019,VGK,1,17,17
2023,Philip Broberg,EDM,D,22,2001-06-25,Orebro,SWE,SWE,75,199,2019,EDM,1,8,8,
2023,Philip Kemp,EDM,D,25,1999-02-12,Greenwich,CT,USA,USA,75,202,2017,EDM,7,22,208
2023,Philip Tomasino,NSH,C,22,2001-07-28,Mississauga,ON,CAN,CAN,72,179,2019,NSH,1,24,24
2023,Philipp Kurashev,CHI,C,24,1999-10-12,Munsingen,CHE,CHE,72,190,2018,CHI,4,27,120,
2023,Philippe Myers,T.B,D,27,1997-01-25,Moncton,NB,CAN,CAN,78,219,-,-,-,-,-
2023,Phillip Danault,L.A,C,31,1993-02-24,Victoriaville,QC,CAN,CAN,73,200,2011,CHI,1,26,26
2023,Phillip Di Giuseppe,VAN,L,30,1993-10-09,Toronto,ON,CAN,CAN,72,193,2012,CAR,2,8,38
2023,Pierre Engvall,NYI,L,27,1996-05-31,Ljungby,SWE,SWE,77,219,2014,TOR,7,8,188,
2023,Pierre-Edouard Bellemare,SEA,L,39,1985-03-06,Le Blanc-Mesnil,FRA,FRA,71,198,-,-,-,-,-,
2023,Pierre-Luc Dubois,L.A,C,25,1998-06-24,Ste-Agathe-Des-Monts,QC,CAN,CAN,76,214,2016,CBJ,1,3,3
2023,Pierre-Olivier Joseph,PIT,D,24,1999-07-01,Laval,QC,CAN,CAN,74,185,2017,ARI,1,23,23
2023,Pierrick Dube,WSH,R,23,2001-01-07,FRA,69,172,-,-,-,-,-,,,
2023,Pius Suter,VAN,C,27,1996-05-24,Zurich,CHE,CHE,71,179,-,-,-,-,-,
2023,Pontus Holmberg,TOR,R,25,1999-03-09,Vasteras,SWE,SWE,72,202,2018,TOR,6,1,156,
2023,Quinn Hughes,VAN,D,24,1999-10-14,Orlando,FL,USA,USA,70,180,2018,VAN,1,7,7
2023,Quinton Byfield,L.A,"C, R",21,2002-08-19,Newmarket,ON,CAN,CAN,77,220,2020,L.A,1,2,2
2023,Radek Faksa,DAL,C,30,1994-01-09,Vitkov,CZE,CZE,75,225,2012,DAL,1,13,13,
2023,Radim Zohorna,PIT,L,27,1996-04-29,Havlickuv,CZE,CZE,78,220,-,-,-,-,-,
2023,Radko Gudas,ANA,D,33,1990-06-05,Prague,CZE,CZE,72,208,2010,T.B,3,6,66,
2023,Rafael Harvey-Pinard,MTL,L,25,1999-01-06,Saguenay,QC,CAN,CAN,69,181,2019,MTL,7,15,201
2023,Raphael Lavoie,EDM,C,23,2000-09-25,Chambly,QC,CAN,CAN,76,196,2019,EDM,2,7,38
2023,Rasmus Andersson,CGY,D,27,1996-10-27,Malmö,SWE,SWE,73,202,2015,CGY,2,23,53,
2023,Rasmus Dahlin,BUF,D,23,2000-04-13,Trollhattan,SWE,SWE,75,202,2018,BUF,1,1,1,
2023,Rasmus Kupari,WPG,C,24,2000-03-15,Kotka,FIN,FIN,74,200,2018,L.A,1,20,20,
2023,Rasmus Ristolainen,PHI,D,29,1994-10-27,Turku,FIN,FIN,76,221,2013,BUF,1,8,8,
2023,Rasmus Sandin,WSH,D,24,2000-03-07,Uppsala,SWE,SWE,71,182,2018,TOR,1,29,29,
2023,Reese Johnson,CHI,C,25,1998-07-10,Regina,SK,CAN,CAN,73,193,-,-,-,-,-
2023,Reilly Smith,PIT,R,33,1991-04-01,Toronto,ON,CAN,CAN,73,185,2009,DAL,3,8,69
2023,Rem Pitlick,CHI,C,27,1997-04-02,Ottawa,ON,CAN,CAN,71,186,2016,NSH,3,15,76
2023,Rhett Gardner,PHI,C,28,1996-02-28,Moose Jaw,SK,CAN,CAN,75,210,2016,DAL,4,25,116
2023,Rickard Rakell,PIT,R,30,1993-05-05,Sundbyberg,SWE,SWE,73,195,2011,ANA,1,30,30,
2023,Ridly Greig,OTT,C,21,2002-08-08,Lethbridge,AB,CAN,CAN,72,183,2020,OTT,1,28,28
2023,Riley Nash,NYR,C,34,1989-05-09,Consort,AB,CAN,CAN,74,188,2007,EDM,1,21,21
2023,Riley Tufte,COL,L,25,1998-04-10,Coon Rapids,MN,USA,USA,78,230,2016,DAL,1,25,25
2023,Robby Fabbri,DET,C,28,1996-01-22,Mississauga,ON,CAN,CAN,71,185,2014,STL,1,21,21
2023,Robert Bortuzzo,"NYI, STL",D,35,1989-03-18,Thunder Bay,ON,CAN,CAN,76,216,2007,PIT,3,17,78
2023,Robert Hagg,ANA,D,29,1995-02-08,Uppsala,SWE,SWE,74,210,2013,PHI,2,11,41,
2023,Robert Thomas,STL,C,24,1999-07-02,Aurora,ON,CAN,CAN,72,218,2017,STL,1,20,20
2023,Roby Jarventie,OTT,L,21,2002-08-08,Tampere,FIN,FIN,74,184,2020,OTT,2,2,33,
2023,Roman Josi,NSH,D,33,1990-06-01,Bern,CHE,CHE,73,201,2008,NSH,2,8,38,
2023,Ronnie Attard,PHI,D,25,1999-03-20,White Lake,MI,USA,USA,75,208,2019,PHI,3,10,72
2023,Roope Hintz,DAL,C,27,1996-11-17,Tampere,FIN,FIN,75,215,2015,DAL,2,19,49,
2023,Ross Colton,COL,C,27,1996-09-11,Robbinsville,NJ,USA,USA,72,194,2016,T.B,4,27,118
2023,Ross Johnston,ANA,L,30,1994-02-18,Charlottetown,PE,CAN,CAN,77,230,-,-,-,-,-
2023,Rourke Chartier,OTT,C,28,1996-04-03,Saskatoon,SK,CAN,CAN,71,190,2014,S.J,5,29,149
2023,Ryan Carpenter,S.J,C,33,1991-01-18,Oviedo,FL,USA,USA,73,198,-,-,-,-,-
2023,Ryan Donato,CHI,C,27,1996-04-09,Boston,MA,USA,USA,72,190,2014,BOS,2,26,56
2023,Ryan Graves,PIT,D,28,1995-05-21,Yarmouth,NS,CAN,CAN,77,220,2013,NYR,4,19,110
2023,Ryan Hartman,MIN,R,29,1994-09-20,Hilton Head Isl.,SC,USA,USA,72,197,2013,CHI,1,30,30
2023,Ryan Johansen,COL,C,31,1992-07-31,Vancouver,BC,CAN,CAN,75,218,2010,CBJ,1,4,4
2023,Ryan Johnson,BUF,D,22,2001-07-24,USA,72,170,2019,BUF,1,31,31,,,
2023,Ryan Lindgren,NYR,D,26,1998-02-11,Burnsville,MN,USA,USA,72,190,2016,BOS,2,19,49
2023,Ryan Lomberg,FLA,L,29,1994-09-12,Richmond Hill,ON,CAN,CAN,69,187,-,-,-,-,-
2023,Ryan McDonagh,NSH,D,34,1989-06-13,St. Paul,MN,USA,USA,73,215,2007,MTL,1,12,12
2023,Ryan McLeod,EDM,C,24,1999-09-21,Mississauga,ON,CAN,CAN,74,207,2018,EDM,2,9,40
2023,Ryan Nugent-Hopkins,EDM,C,30,1993-04-12,Burnaby,BC,CAN,CAN,72,195,2011,EDM,1,1,1
2023,Ryan O'Reilly,NSH,C,33,1991-02-07,Clinton,ON,CAN,CAN,73,207,2009,COL,2,3,33
2023,Ryan Poehling,PHI,C,25,1999-01-03,Lakeville,MN,USA,USA,74,196,2017,MTL,1,25,25
2023,Ryan Pulock,NYI,D,29,1994-10-06,Dauphin,MB,CAN,CAN,74,216,2013,NYI,1,15,15
2023,Ryan Reaves,TOR,R,37,1987-01-20,Winnipeg,MB,CAN,CAN,74,225,2005,STL,5,31,156
2023,Ryan Shea,PIT,D,27,1997-02-11,Milton,MA,USA,USA,74,200,2015,CHI,4,30,121
2023,Ryan Strome,ANA,C,30,1993-07-11,Mississauga,ON,CAN,CAN,73,191,2011,NYI,1,5,5
2023,Ryan Suter,DAL,D,39,1985-01-21,Madison,WI,USA,USA,73,205,2003,NSH,1,7,7
2023,Ryan Winterton,SEA,C,20,2003-09-04,Markham,ON,CAN,CAN,74,175,2021,SEA,3,3,67
2023,Ryker Evans,SEA,D,22,2001-12-13,Calgary,AB,CAN,CAN,71,189,2021,SEA,2,3,35
2023,Sam Bennett,FLA,C,27,1996-06-20,Holland Landing,ON,CAN,CAN,73,195,2014,CGY,1,4,4
2023,Sam Carrick,"ANA, EDM",C,32,1992-02-04,Markham,ON,CAN,CAN,72,200,2010,TOR,5,24,144
2023,Sam Gagner,EDM,C,34,1989-08-10,London,ON,CAN,CAN,71,201,2007,EDM,1,6,6
2023,Sam Lafferty,VAN,C,29,1995-03-06,Hollidaysburg,PA,USA,USA,73,195,2014,PIT,4,23,113
2023,Sam Malinski,COL,D,25,1998-07-27,USA,71,190,-,-,-,-,-,,,
2023,Sam Poulin,PIT,R,23,2001-02-25,Blainville,QC,CAN,CAN,73,208,2019,PIT,1,21,21
2023,Sam Reinhart,FLA,C,28,1995-11-06,West Vancouver,BC,CAN,CAN,74,193,2014,BUF,1,2,2
2023,Sam Steel,DAL,C,26,1998-02-03,Ardrossan,AB,CAN,CAN,71,184,2016,ANA,1,30,30
2023,Sammy Blais,STL,L,27,1996-06-17,Montmagny,QC,CAN,CAN,74,206,2014,STL,6,26,176
2023,Sammy Walker,MIN,C,24,1999-06-07,Edina,MN,USA,USA,70,180,2017,T.B,7,14,200
2023,Samuel Bolduc,NYI,D,23,2000-12-09,Laval,QC,CAN,CAN,76,220,2019,NYI,2,26,57
2023,Samuel Fagemo,"L.A, NSH",L,24,2000-03-14,Goteborg,SWE,SWE,72,200,2019,L.A,2,19,50,
2023,Samuel Girard,COL,D,25,1998-05-12,Roberval,QC,CAN,CAN,70,170,2016,NSH,2,17,47
2023,Samuel Laberge,N.J,L,26,1997-04-10,Chateauguay,QC,CAN,CAN,74,206,-,-,-,-,-
2023,Santeri Hatakka,N.J,D,23,2001-01-15,Riihimaki,FIN,FIN,73,191,2019,S.J,6,29,184,
2023,Scott Laughton,PHI,C,29,1994-05-30,Oakville,ON,CAN,CAN,73,190,2012,PHI,1,20,20
2023,Scott Mayfield,NYI,D,31,1992-10-14,St. Louis,MO,USA,USA,77,220,2011,NYI,2,4,34
2023,Scott Perunovich,STL,D,25,1998-08-18,Hibbing,MN,USA,USA,70,175,2018,STL,2,14,45
2023,Scott Sabourin,S.J,R,31,1992-07-30,Orleans,ON,CAN,CAN,75,208,-,-,-,-,-
2023,Sean Couturier,PHI,C,31,1992-12-07,Phoenix,AZ,USA,CAN,75,211,2011,PHI,1,8,8
2023,Sean Durzi,ARI,D,25,1998-10-21,Mississauga,ON,CAN,CAN,72,195,2018,TOR,2,21,52
2023,Sean Kuraly,CBJ,C,31,1993-01-20,Dublin,OH,USA,USA,74,213,2011,S.J,5,12,133
2023,Sean Monahan,"MTL, WPG",C,29,1994-10-12,Brampton,ON,CAN,CAN,74,196,2013,CGY,1,6,6
2023,Sean Walker,"COL, PHI",D,29,1994-11-13,Keswick,ON,CAN,CAN,71,195,-,-,-,-,-
2023,Sebastian Aho,NYI,D,28,1996-02-17,Umea,SWE,SWE,70,186,2017,NYI,5,15,139,
2023,Sebastian Aho,CAR,C,26,1997-07-26,Rauma,FIN,FIN,72,176,2015,CAR,2,5,35,
2023,Seth Jarvis,CAR,C,22,2002-02-01,Winnipeg,MB,CAN,CAN,70,175,2020,CAR,1,13,13
2023,Seth Jones,CHI,D,29,1994-10-03,Arlington,TX,USA,USA,76,213,2013,NSH,1,4,4
2023,Shakir Mukhamadullin,S.J,D,22,2002-01-10,RUS,76,178,2020,N.J,1,20,20,,,
2023,Shane Bowers,N.J,C,24,1999-07-30,Halifax,NS,CAN,CAN,74,186,2017,OTT,1,28,28
2023,Shane Pinto,OTT,C,23,2000-11-12,Franklin Square,NY,USA,USA,75,201,2019,OTT,2,1,32
2023,Shane Wright,SEA,C,20,2004-01-05,Burlington,ON,CAN,CAN,72,192,2022,SEA,1,4,4
2023,Shayne Gostisbehere,DET,D,30,1993-04-20,Pembroke Pines,FL,USA,USA,71,180,2012,PHI,3,17,78
2023,Shea Theodore,VGK,D,28,1995-08-03,Langley,BC,CAN,CAN,74,197,2013,ANA,1,26,26
2023,Sheldon Rempal,VGK,R,28,1995-08-07,Calgary,AB,CAN,CAN,70,165,-,-,-,-,-
2023,Sidney Crosby,PIT,C,36,1987-08-07,Cole Harbour,NS,CAN,CAN,71,200,2005,PIT,1,1,1
2023,Simon Benoit,TOR,D,25,1998-09-19,Laval,QC,CAN,CAN,75,203,-,-,-,-,-
2023,Simon Edvinsson,DET,D,21,2003-02-05,Kungsbacka,SWE,SWE,78,209,2021,DET,1,6,6,
2023,Simon Holmstrom,NYI,R,22,2001-05-24,Tranas,SWE,SWE,74,205,2019,NYI,1,23,23,
2023,Simon Nemec,N.J,D,20,2004-02-15,Liptovsky Mikulas,SVK,SVK,73,190,2022,N.J,1,2,2,
2023,Sonny Milano,WSH,L,27,1996-05-12,Massapequa,NY,USA,USA,72,194,2014,CBJ,1,16,16
2023,Spencer Stastney,NSH,D,24,2000-01-04,Woodbridge,IL,USA,USA,72,184,2018,NSH,5,7,131
2023,Stefan Noesen,CAR,R,31,1993-02-12,Plano,TX,USA,USA,73,205,2011,OTT,1,21,21
2023,Steven Lorentz,FLA,C,27,1996-04-13,Kitchener,ON,CAN,CAN,76,206,2015,CAR,7,5,186
2023,Steven Stamkos,T.B,C,34,1990-02-07,Markham,ON,CAN,CAN,72,182,2008,T.B,1,1,1
2023,T.J. Oshie,WSH,R,37,1986-12-23,Everett,WA,USA,USA,72,187,2005,STL,1,24,24
2023,TJ Brodie,TOR,D,33,1990-06-07,Chatham,ON,CAN,CAN,74,187,2008,CGY,4,23,114
2023,Tage Thompson,BUF,C,26,1997-10-30,Phoenix,AZ,USA,USA,78,220,2016,STL,1,26,26
2023,Tanner Jeannot,T.B,L,26,1997-05-29,Estevan,SK,CAN,CAN,74,208,-,-,-,-,-
2023,Tanner Pearson,MTL,L,31,1992-08-10,Kitchener,ON,CAN,CAN,73,201,2012,L.A,1,30,30
2023,Taylor Hall,CHI,L,32,1991-11-14,Calgary,AB,CAN,CAN,73,210,2010,EDM,1,1,1
2023,Taylor Raddysh,CHI,R,26,1998-02-18,Caledon,ON,CAN,CAN,75,198,2016,T.B,2,28,58
2023,Teddy Blueger,VAN,C,29,1994-08-15,Riga,LVA,LVA,72,185,2012,PIT,2,22,52,
2023,Teuvo Teravainen,CAR,L,29,1994-09-11,Helsinki,FIN,FIN,71,191,2012,CHI,1,18,18,
2023,Thomas Bordeleau,S.J,C,22,2002-01-03,Houston,TX,USA,USA,70,175,2020,S.J,2,7,38
2023,Thomas Chabot,OTT,D,27,1997-01-30,Sainte-Marie,QC,CAN,CAN,74,195,2015,OTT,1,18,18
2023,Thomas Harley,DAL,D,22,2001-08-19,Syracuse,NY,USA,USA,75,205,2019,DAL,1,18,18
2023,Tim Stützle,OTT,C,22,2002-01-15,Viersen,DEU,DEU,72,193,2020,OTT,1,3,3,
2023,Timo Meier,N.J,R,27,1996-10-08,Herisau,CHE,CHE,73,220,2015,S.J,1,9,9,
2023,Timothy Liljegren,TOR,D,24,1999-04-30,Kristianstad,SWE,SWE,73,192,2017,TOR,1,17,17,
2023,Tobias Bjornfot,"FLA, L.A, VGK",D,23,2001-04-06,Upplands Vasby,SWE,SWE,72,200,2019,L.A,1,22,22,
2023,Tom Wilson,WSH,R,30,1994-03-29,Toronto,ON,CAN,CAN,76,220,2012,WSH,1,16,16
2023,Tomas Hertl,S.J,C,30,1993-11-12,Praha,CZE,CZE,75,215,2012,S.J,1,17,17,
2023,Tomas Nosek,N.J,L,31,1992-09-01,Pardubice,CZE,CZE,75,205,-,-,-,-,-,
2023,Tomas Tatar,"COL, SEA",L,33,1990-12-01,Ilava,SVK,SVK,70,173,2009,DET,2,30,60,
2023,Tommy Novak,NSH,C,26,1997-04-28,St. Paul,MN,USA,USA,73,179,2015,NSH,3,24,85
2023,Tony DeAngelo,CAR,D,28,1995-10-24,Sewell,NJ,USA,USA,71,180,2014,T.B,1,19,19
2023,Torey Krug,STL,D,32,1991-04-12,Livonia,MI,USA,USA,69,194,-,-,-,-,-
2023,Travis Boyd,ARI,C,30,1993-09-14,Hopkins,MN,USA,USA,72,190,2011,WSH,6,26,177
2023,Travis Dermott,ARI,D,27,1996-12-22,Newmarket,ON,CAN,CAN,72,202,2015,TOR,2,4,34
2023,Travis Hamonic,OTT,D,33,1990-08-16,St. Malo,MB,CAN,CAN,73,200,2008,NYI,2,23,53
2023,Travis Konecny,PHI,R,27,1997-03-11,London,ON,CAN,CAN,70,175,2015,PHI,1,24,24
2023,Travis Sanheim,PHI,D,28,1996-03-29,Elkhorn,MB,CAN,CAN,75,181,2014,PHI,1,17,17
2023,Trent Frederic,BOS,C,26,1998-02-11,St. Louis,MO,USA,USA,75,214,2016,BOS,1,29,29
2023,Trevor Lewis,L.A,C,37,1987-01-08,Salt Lake City,UT,USA,USA,73,201,2006,L.A,1,17,17
2023,Trevor Moore,L.A,L,29,1995-03-31,Thousand Oaks,CA,USA,USA,70,195,-,-,-,-,-
2023,Trevor Zegras,ANA,C,23,2001-03-20,Bedford,NY,USA,USA,72,185,2019,ANA,1,9,9
2023,Trevor van Riemsdyk,WSH,D,32,1991-07-24,Middletown,NJ,USA,USA,75,191,-,-,-,-,-
2023,Trey Fix-Wolansky,CBJ,R,24,1999-05-26,Edmonton,AB,CAN,CAN,67,191,2018,CBJ,7,18,204
2023,Tristan Luneau,ANA,D,20,2004-01-12,CAN,73,195,2022,ANA,2,21,53,,,
2023,Troy Stecher,"ARI, EDM",D,30,1994-04-07,Richmond,BC,CAN,CAN,70,184,-,-,-,-,-
2023,Troy Terry,ANA,R,26,1997-09-10,Denver,CO,USA,USA,72,185,2015,ANA,5,27,148
2023,Ty Dellandrea,DAL,C,23,2000-07-21,Toronto,ON,CAN,CAN,73,195,2018,DAL,1,13,13
2023,Ty Emberson,S.J,D,23,2000-05-23,Eau Claire,WI,USA,USA,73,195,2018,ARI,3,11,73
2023,Tye Kartye,SEA,L,22,2001-04-30,Kingston,ON,CAN,CAN,71,202,-,-,-,-,-
2023,Tyler Angle,CBJ,C,23,2000-09-30,Niagara Falls,ON,CAN,CAN,70,166,2019,CBJ,7,26,212
2023,Tyler Bertuzzi,TOR,L,29,1995-02-24,Sudbury,ON,CAN,CAN,73,186,2013,DET,2,28,58
2023,Tyler Johnson,CHI,C,33,1990-07-29,Spokane,WA,USA,USA,68,185,-,-,-,-,-
2023,Tyler Kleven,OTT,D,22,2002-01-10,Fargo,ND,USA,USA,76,200,2020,OTT,2,13,44
2023,Tyler Motte,T.B,C,29,1995-03-10,St. Clair,MI,USA,USA,70,192,2013,CHI,4,30,121
2023,Tyler Myers,VAN,D,34,1990-02-01,Houston,TX,USA,CAN,80,229,2008,BUF,1,12,12
2023,Tyler Pitlick,NYR,C,32,1991-11-01,Minneapolis,MN,USA,USA,74,200,2010,EDM,2,1,31
2023,Tyler Seguin,DAL,C,32,1992-01-31,Brampton,ON,CAN,CAN,73,205,2010,BOS,1,2,2
2023,Tyler Toffoli,"N.J, WPG","C, R",31,1992-04-24,Scarborough,ON,CAN,CAN,72,203,2010,L.A,2,17,47
2023,Tyler Tucker,STL,D,24,2000-03-01,Thunder Bay,ON,CAN,CAN,73,204,2018,STL,7,14,200
2023,Tyson Barrie,NSH,D,32,1991-07-26,Victoria,BC,CAN,CAN,71,197,2009,COL,3,3,64
2023,Tyson Foerster,PHI,R,22,2002-01-18,Alliston,ON,CAN,CAN,74,194,2020,PHI,1,23,23
2023,Tyson Jost,BUF,C,26,1998-03-14,St. Albert,AB,CAN,CAN,71,187,2016,COL,1,10,10
2023,Urho Vaakanainen,ANA,D,25,1999-01-01,Joensuu,FIN,FIN,74,200,2017,BOS,1,18,18,
2023,Uvis Balinskis,FLA,D,27,1996-08-01,Ventspils,Lat,72,196,-,-,-,-,-,,
2023,Valeri Nichushkin,COL,R,29,1995-03-04,Chelyabinsk,RUS,RUS,76,210,2013,DAL,1,10,10,
2023,Valtteri Puustinen,PIT,R,24,1999-06-04,Kuopio,FIN,FIN,69,183,2019,PIT,7,17,203,
2023,Vasily Podkolzin,VAN,R,22,2001-06-24,Moscow,RUS,RUS,73,190,2019,VAN,1,10,10,
2023,Vasily Ponomarev,CAR,C,22,2002-03-13,Moscow,RUS,RUS,70,180,2020,CAR,2,22,53,
2023,Victor Hedman,T.B,D,33,1990-12-18,Ornskoldsvik,SWE,SWE,79,244,2009,T.B,1,2,2,
2023,Victor Mete,PHI,D,25,1998-06-07,Woodbridge,ON,CAN,CAN,69,187,2016,MTL,4,9,100
2023,Victor Olofsson,BUF,L,28,1995-07-18,Ornskoldsvik,SWE,SWE,71,181,2014,BUF,7,1,181,
2023,Victor Soderstrom,ARI,D,23,2001-02-26,Gavle,SWE,SWE,71,184,2019,ARI,1,11,11,
2023,Viktor Arvidsson,L.A,R,30,1993-04-08,Skellefteå,SWE,SWE,70,185,2014,NSH,4,22,112,
2023,Vince Dunn,SEA,D,27,1996-10-29,Mississauga,ON,CAN,CAN,72,200,2015,STL,2,26,56
2023,Vincent Desharnais,EDM,D,27,1996-05-29,Laval,QC,CAN,CAN,78,215,2016,EDM,7,2,183
2023,Vincent Iorio,WSH,D,21,2002-11-14,Coquitlam,BC,CAN,CAN,76,200,2021,WSH,2,23,55
2023,Vincent Trocheck,NYR,C,30,1993-07-11,Pittsburgh,PA,USA,USA,71,184,2011,FLA,3,3,64
2023,Vinni Lettieri,MIN,C,29,1995-02-06,Excelsior,MN,USA,USA,70,184,-,-,-,-,-
2023,Vinnie Hinostroza,PIT,C,30,1994-04-03,Chicago,IL,USA,USA,70,183,2012,CHI,6,18,169
2023,Vladimir Tarasenko,"FLA, OTT",R,32,1991-12-13,Yaroslavl,RUS,RUS,73,228,2010,STL,1,16,16,
2023,Vladislav Gavrikov,L.A,D,28,1995-11-21,Yaroslavl,RUS,RUS,75,221,2015,CBJ,6,8,159,
2023,Vladislav Kolyachonok,ARI,D,22,2001-05-26,Minsk,BLR,BLR,73,193,2019,FLA,2,21,52,
2023,Vladislav Namestnikov,WPG,C,31,1992-11-22,Zhukovskiy,RUS,RUS,72,179,2011,T.B,1,27,27,
2023,Walker Duehr,CGY,R,26,1997-11-23,Sioux Falls,SD,USA,USA,74,210,-,-,-,-,-
2023,Waltteri Merela,T.B,C,25,1998-07-06,FIN,75,210,-,-,-,-,-,,,
2023,Warren Foegele,EDM,L,28,1996-04-01,Markham,ON,CAN,CAN,74,198,2014,CAR,3,7,67
2023,Will Borgen,SEA,D,27,1996-12-19,Moorhead,MN,USA,USA,75,204,2015,BUF,4,1,92
2023,Will Cuylle,NYR,L,22,2002-02-05,Toronto,ON,CAN,CAN,75,211,2020,NYR,2,29,60
2023,William Carrier,VGK,L,29,1994-12-20,LaSalle,QC,CAN,CAN,74,218,2013,STL,2,27,57
2023,William Eklund,S.J,L,21,2002-10-12,Stockholm,SWE,SWE,71,181,2021,S.J,1,7,7,
2023,William Karlsson,VGK,C,31,1993-01-08,Marsta,SWE,SWE,72,190,2011,ANA,2,23,53,
2023,William Lagesson,"ANA, TOR",D,28,1996-02-22,Gothenburg,SWE,SWE,74,207,2014,EDM,4,1,91,
2023,William Lockwood,FLA,R,25,1998-06-20,Royal Oak,MI,USA,USA,71,172,2016,VAN,3,3,64
2023,William Nylander,TOR,R,27,1996-05-01,Calgary,AB,CAN,SWE,72,204,2014,TOR,1,8,8
2023,Wyatt Johnston,DAL,C,20,2003-05-14,Toronto,ON,CAN,CAN,73,185,2021,DAL,1,23,23
2023,Wyatt Kaiser,CHI,D,21,2002-07-31,Andover,MN,USA,USA,72,173,2020,CHI,3,19,81
2023,Yakov Trenin,"COL, NSH",C,27,1997-01-13,Chelyabinsk,RUS,RUS,74,201,2015,NSH,2,25,55,
2023,Yan Kuznetsov,CGY,D,22,2002-03-09,Murmansk,RUS,RUS,76,209,2020,CGY,2,19,50,
2023,Yanni Gourde,SEA,C,32,1991-12-15,Saint-Narcisse,QC,CAN,CAN,69,174,-,-,-,-,-
2023,Yegor Chinakhov,CBJ,R,23,2001-02-01,Omsk,RUS,RUS,73,204,2020,CBJ,1,21,21,
2023,Yegor Sharangovich,CGY,C,25,1998-06-06,Minsk,BLR,BLR,74,196,2018,N.J,5,17,141,
2023,Zac Jones,NYR,D,23,2000-10-18,Richmond,VA,USA,USA,70,178,2019,NYR,3,6,68
2023,Zach Aston-Reese,DET,C,29,1994-08-10,Staten Island,NY,USA,USA,73,205,-,-,-,-,-
2023,Zach Benson,BUF,L,18,2005-05-12,CAN,69,163,2023,BUF,1,13,13,,,
2023,Zach Bogosian,"MIN, T.B",D,33,1990-07-15,Massena,NY,USA,USA,74,222,2008,ATL,1,3,3
2023,Zach Dean,STL,C,21,2003-01-04,Grande Prairie,AB,CAN,CAN,72,176,-,-,-,-,-
2023,Zach Hyman,EDM,L,31,1992-06-09,Toronto,ON,CAN,CAN,73,211,2010,FLA,5,3,123
2023,Zach Parise,COL,L,39,1984-07-28,Minneapolis,MN,USA,USA,71,195,2003,N.J,1,17,17
2023,Zach Sanford,"ARI, CHI",L,29,1994-11-09,Salem,MA,USA,USA,76,206,2013,WSH,2,31,61
2023,Zach Werenski,CBJ,D,26,1997-07-19,Grosse Pointe,MI,USA,USA,74,213,2015,CBJ,1,8,8
2023,Zach Whitecloud,VGK,D,27,1996-11-28,Brandon,MB,CAN,CAN,74,207,-,-,-,-,-
2023,Zack Bolduc,STL,C,21,2003-02-24,Trois-Rivières,QC,CAN,CAN,72,187,2021,STL,1,17,17
2023,Zack MacEwen,OTT,R,27,1996-07-08,Charlottetown,PE,CAN,CAN,75,205,-,-,-,-,-
2023,Zack Ostapchuk,OTT,C,20,2003-05-29,St. Albert,AB,CAN,CAN,75,205,2021,OTT,2,7,39
2023,Zemgus Girgensons,BUF,L,30,1994-01-05,Riga,LVA,LVA,74,200,2012,BUF,1,14,14,
