PLAYER,TEAM,AGE,POS,HANDED,SIGNING TEAM,TYPE,SIGNING AGE,CLAUSE,LENGTH,EXPIRY,EXP. YEAR,CAP HIT,AAV,SALARY,BASE SALARY,S.BONUS,P.BONUS
Jaromír Jágr,-,35,RW,Left,WSH,Standard (1-way),29,,7,UFA,2009,"$7,920,000","$7,920,000","$8,360,000","$8,360,000",$0,$0
Brad Richards,-,27,"C, LW",Left,TBL,Standard (1-way),26,NTC,5,UFA,2011,"$7,800,000","$7,800,000","$7,800,000","$7,800,000",$0,$0
Nicklas Lidström,-,37,D,Left,DET,35+ (1-way),36,NMC,2,UFA,2008,"$7,600,000","$7,600,000","$7,600,000","$7,600,000",$0,$0
Zdeno Chara,-,30,LD,Left,BOS,Standard (1-way),29,NTC,5,UFA,2011,"$7,500,000","$7,500,000","$7,500,000","$7,500,000",$0,$0
Scott Gomez,-,27,C,Left,NYR,Standard (1-way),27,,7,UFA,2014,"$7,357,143","$7,357,143","$10,000,000","$10,000,000",$0,$0
Thomas Vanek,-,23,"LW, RW",Right,BUF,Standard (1-way),23,,7,UFA,2014,"$7,142,857","$7,142,857","$10,000,000","$10,000,000",$0,$0
Chris Drury,-,30,C,Right,NYR,Standard (1-way),30,,5,UFA,2012,"$7,050,000","$7,050,000","$7,100,000","$7,100,000",$0,$0
Jarome Iginla,-,30,RW,Right,CGY,Standard (1-way),28,,3,UFA,2008,"$7,000,000","$7,000,000","$7,000,000","$7,000,000",$0,$0
Vincent Lecavalier,-,27,"C, LW",Left,TBL,Standard (1-way),25,,4,UFA,2009,"$6,875,000","$6,875,000","$7,166,666","$7,166,666",$0,$0
Nikolai Khabibulin,-,34,G,Left,CHI,Standard (1-way),32,,4,UFA,2009,"$6,750,000","$6,750,000","$6,750,000","$6,750,000",$0,$0
Scott Niedermayer,-,33,D,Left,ANA,Standard (1-way),31,,4,UFA,2009,"$6,750,000","$6,750,000","$6,750,000","$6,750,000",$0,$0
Roberto Luongo,-,28,G,Left,VAN,Standard (1-way),27,,4,UFA,2010,"$6,750,000","$6,750,000","$6,500,000","$6,500,000",$0,$0
Joe Sakic,-,37,C,Left,COL,35+ (1-way),37,,1,UFA,2008,"$6,750,000","$6,750,000","$6,750,000","$6,750,000",$0,$0
Pavel Datsyuk,-,28,"C, LW",Left,DET,Standard (1-way),28,NMC,7,UFA,2014,"$6,700,000","$6,700,000","$6,700,000","$6,700,000",$0,$0
Joe Thornton,-,27,"C, LW",Left,BOS,Standard (1-way),25,,3,UFA,2008,"$6,666,666","$6,666,666","$6,670,000","$6,670,000",$0,$0
Wade Redden,-,30,D,Left,OTT,Standard (1-way),29,,2,UFA,2008,"$6,500,000","$6,500,000","$6,500,000","$6,500,000",$0,$0
Ed Jovanovski,-,31,LD,Left,ARI,Standard (1-way),30,NTC,5,UFA,2011,"$6,500,000","$6,500,000","$7,000,000","$7,000,000",$0,$0
Daniel Brière,-,29,C,Right,PHI,Standard (1-way),29,,8,UFA,2015,"$6,500,000","$6,500,000","$10,000,000","$10,000,000",$0,$0
Ilya Kovalchuk,-,24,"LW, RW",Right,ATL,Standard (1-way),22,,5,UFA,2010,"$6,400,000","$6,400,000","$5,500,000","$5,500,000",$0,$0
Kimmo Timonen,-,32,D,Left,PHI,Standard (1-way),32,NMC,6,UFA,2013,"$6,333,333","$6,333,333","$8,000,000","$8,000,000",$0,$0
Marián Gáborík,-,25,RW,Left,MIN,Standard (1-way),24,,3,UFA,2009,"$6,333,333","$6,333,333","$6,500,000","$6,500,000",$0,$0
Ryan Smyth,-,31,LW,Left,COL,Standard (1-way),31,NMC,5,UFA,2012,"$6,250,000","$6,250,000","$7,500,000","$7,500,000",$0,$0
Chris Pronger,-,32,D,Left,EDM,Standard (1-way),30,,5,UFA,2010,"$6,250,000","$6,250,000","$6,250,000","$6,250,000",$0,$0
Brian Rafalski,-,33,D,Right,DET,Standard (1-way),33,,5,UFA,2012,"$6,000,000","$6,000,000","$6,000,000","$6,000,000",$0,$0
Paul Kariya,-,32,LW,Left,STL,Standard (1-way),32,NMC,3,UFA,2010,"$6,000,000","$6,000,000","$6,000,000","$6,000,000",$0,$0
Jean-Sebastien Giguere,-,30,G,Left,ANA,Standard (1-way),30,NTC,4,UFA,2011,"$6,000,000","$6,000,000","$5,500,000","$5,500,000",$0,$0
Patrik Elias,-,31,"C, LW",Left,NJD,Standard (1-way),30,NMC,7,UFA,2013,"$6,000,000","$6,000,000","$7,500,000","$7,500,000",$0,$0
Martin Havlat,-,26,LW,Left,CHI,Standard (1-way),25,,3,UFA,2009,"$6,000,000","$6,000,000","$6,000,000","$6,000,000",$0,$0
Marián Hossa,-,28,RW,Left,OTT,Standard (1-way),26,,3,UFA,2008,"$6,000,000","$6,000,000","$7,000,000","$7,000,000",$0,$0
Bryan McCabe,-,32,D,Left,TOR,Standard (1-way),31,,5,UFA,2011,"$5,750,000","$5,750,000","$7,150,000","$7,150,000",$0,$0
Andrei Markov,-,28,LD,Left,MTL,Standard (1-way),28,M-NTC,4,UFA,2011,"$5,750,000","$5,750,000","$5,750,000","$5,750,000",$0,$0
Tomas Vokoun,-,30,G,Right,NSH,Standard (1-way),30,NMC,4,UFA,2011,"$5,700,000","$5,700,000","$5,300,000","$5,300,000",$0,$0
Mathieu Schneider,-,38,D,Left,ANA,35+ (1-way),38,,2,UFA,2009,"$5,625,000","$5,625,000","$5,500,000","$5,500,000",$0,$0
Mats Sundin,-,36,C,Right,TOR,35+ (1-way),36,,1,UFA,2008,"$5,500,000","$5,500,000","$5,500,000","$5,500,000",$0,$0
Rick Nash,-,23,"LW, RW",Left,CBJ,Standard (1-way),21,,5,UFA,2010,"$5,400,000","$5,400,000","$5,500,000","$5,500,000",$0,$0
Sheldon Souray,-,30,D,Left,EDM,Standard (1-way),30,,5,UFA,2012,"$5,400,000","$5,400,000","$6,250,000","$6,250,000",$0,$0
Simon Gagne,-,27,RW,Left,PHI,Standard (1-way),26,NMC,5,UFA,2011,"$5,250,000","$5,250,000","$5,250,000","$5,250,000",$0,$0
Alex Tanguay,-,27,"LW, RW",Left,CGY,Standard (1-way),26,,3,UFA,2009,"$5,250,000","$5,250,000","$5,375,000","$5,375,000",$0,$0
Martin St. Louis,-,32,RW,Left,TBL,Standard (1-way),30,NTC,6,UFA,2011,"$5,250,000","$5,250,000","$6,000,000","$6,000,000",$0,$0
Olli Jokinen,-,28,C,Left,FLA,Standard (1-way),27,,4,RFA,2010,"$5,250,000","$5,250,000","$5,250,000","$5,250,000",$0,$0
Sergei Fedorov,-,37,C,Left,ANA,Standard (1-way),33,,5,UFA,2008,"$5,248,000","$5,248,000","$6,080,000","$6,080,000",$0,$0
Martin Brodeur,-,35,G,Left,NJD,Standard (1-way),33,NTC,6,UFA,2012,"$5,200,000","$5,200,000","$5,200,000","$5,200,000",$0,$0
Pavel Kubina,-,30,D,Right,TOR,Standard (1-way),29,M-NTC,4,UFA,2010,"$5,000,000","$5,000,000","$5,000,000","$5,000,000",$0,$0
Marc Savard,-,29,C,Left,BOS,Standard (1-way),28,NTC,4,UFA,2010,"$5,000,000","$5,000,000","$5,000,000","$5,000,000",$0,$0
Sergei Gonchar,-,33,LD,Left,PIT,Standard (1-way),31,NTC,5,UFA,2010,"$5,000,000","$5,000,000","$5,500,000","$5,500,000",$0,$0
Peter Forsberg,-,33,C,Left,COL,Standard (1-way),34,,1,UFA,2008,"$5,000,000","$5,000,000","$5,000,000","$5,000,000",$0,$0
Michael Nylander,-,34,C,Left,WSH,Standard (1-way),34,NMC,4,UFA,2011,"$4,875,000","$4,875,000","$5,500,000","$5,500,000",$0,$0
Daniel Alfredsson,-,34,RW,Right,OTT,Standard (1-way),31,,5,UFA,2009,"$4,873,876","$4,873,876","$5,450,700","$5,450,700",$0,$0
Patrice Bergeron,-,21,C,Right,BOS,Standard (1-way),21,,5,UFA,2011,"$4,750,000","$4,750,000","$5,000,000","$5,000,000",$0,$0
Adam Foote,-,35,RD,Right,CBJ,Standard (1-way),34,,3,UFA,2008,"$4,600,000","$4,600,000","$4,600,000","$4,600,000",$0,$0
Shane Doan,-,30,"RW, LW",Right,ARI,Standard (1-way),30,NMC,5,UFA,2012,"$4,550,000","$4,550,000","$4,550,000","$4,550,000",$0,$0
Bill Guerin,-,36,RW,Right,NYI,35+ (1-way),36,NMC,2,UFA,2009,"$4,500,000","$4,500,000","$4,500,000","$4,500,000",$0,$0
Alexei Kovalev,-,34,RW,Left,MTL,Standard (1-way),32,,4,UFA,2009,"$4,500,000","$4,500,000","$4,500,000","$4,500,000",$0,$0
Jason Arnott,-,32,C,Right,NSH,Standard (1-way),31,NMC,5,UFA,2011,"$4,500,000","$4,500,000","$4,500,000","$4,500,000",$0,$0
Eric Staal,-,22,C,Left,CAR,Standard (1-way),21,,3,RFA,2009,"$4,500,000","$4,500,000","$4,500,000","$4,500,000",$0,$0
Scott Hannan,-,28,D,Left,COL,Standard (1-way),28,NMC,4,UFA,2011,"$4,500,000","$4,500,000","$4,500,000","$4,500,000",$0,$0
Dany Heatley,-,26,LW,Left,OTT,Standard (1-way),24,,3,UFA,2008,"$4,500,000","$4,500,000","$5,500,000","$5,500,000",$0,$0
Jason Spezza,-,24,"C, RW",Right,OTT,Standard (1-way),23,,2,RFA,2008,"$4,500,000","$4,500,000","$5,000,000","$5,000,000",$0,$0
Rick DiPietro,-,25,G,Right,NYI,Standard (1-way),24,,15,UFA,2021,"$4,500,000","$4,500,000","$4,500,000","$4,500,000",$0,$0
Manny Fernandez,-,32,G,Left,MIN,Standard (1-way),31,,3,UFA,2009,"$4,333,333","$4,333,333","$4,500,000","$4,500,000",$0,$0
Dustin Penner,-,24,RW,Left,EDM,Standard (1-way),24,,5,UFA,2012,"$4,250,000","$4,250,000","$4,250,000","$4,250,000",$0,$0
Tomas Kaberle,-,29,D,Left,TOR,Standard (1-way),27,NTC,5,UFA,2011,"$4,250,000","$4,250,000","$4,250,000","$4,250,000",$0,$0
Henrik Lundqvist,-,25,G,Left,NYR,Standard (1-way),25,,1,RFA,2008,"$4,250,000","$4,250,000","$4,250,000","$4,250,000",$0,$0
Eric Brewer,-,28,D,Left,STL,Standard (1-way),27,NTC,4,UFA,2011,"$4,250,000","$4,250,000","$3,500,000","$3,500,000",$0,$0
Scott Hartnell,-,25,LW,Left,PHI,Standard (1-way),25,NTC,6,UFA,2013,"$4,200,000","$4,200,000","$5,200,000","$5,200,000",$0,$0
Patrick Marleau,-,27,"LW, C",Left,SJS,Standard (1-way),25,,3,UFA,2008,"$4,166,667","$4,166,667","$4,500,000","$4,500,000",$0,$0
Glen Murray,-,34,RW,Right,BOS,Standard (1-way),32,,4,UFA,2009,"$4,150,000","$4,150,000","$4,150,000","$4,150,000",$0,$0
Ales Hemsky,-,23,RW,Right,EDM,Standard (1-way),22,,6,UFA,2012,"$4,100,000","$4,100,000","$3,600,000","$3,600,000",$0,$0
Brenden Morrow,-,28,LW,Left,DAL,Standard (1-way),27,NTC,6,UFA,2013,"$4,100,000","$4,100,000","$4,100,000","$4,100,000",$0,$0
Jay McKee,-,29,LD,Left,STL,Standard (1-way),28,,4,UFA,2010,"$4,000,000","$4,000,000","$4,000,000","$4,000,000",$0,$0
Jason Blake,-,33,LW,Left,TOR,Standard (1-way),33,,5,UFA,2012,"$4,000,000","$4,000,000","$5,000,000","$5,000,000",$0,$0
Ryan Whitney,-,24,D,Left,PIT,Standard (1-way),24,,6,UFA,2013,"$4,000,000","$4,000,000","$2,500,000","$2,500,000",$0,$0
Michal Handzus,-,30,C,Left,LAK,Standard (1-way),30,NMC,4,UFA,2011,"$4,000,000","$4,000,000","$4,000,000","$4,000,000",$0,$0
Robert Lang,-,36,C,Right,CHI,35+ (1-way),36,,2,UFA,2009,"$4,000,000","$4,000,000","$4,000,000","$4,000,000",$0,$0
Keith Tkachuk,-,35,LW,Left,STL,35+ (1-way),35,,2,UFA,2009,"$4,000,000","$4,000,000","$3,500,000","$3,500,000",$0,$0
Todd Bertuzzi,-,32,RW,Left,ANA,Standard (1-way),32,,2,UFA,2009,"$4,000,000","$4,000,000","$4,000,000","$4,000,000",$0,$0
Erik Cole,-,28,LW,Left,CAR,Standard (1-way),27,,3,UFA,2009,"$4,000,000","$4,000,000","$4,000,000","$4,000,000",$0,$0
Brian Gionta,-,28,RW,Right,NJD,Standard (1-way),27,,3,UFA,2009,"$4,000,000","$4,000,000","$4,000,000","$4,000,000",$0,$0
Derek Roy,-,24,C,Left,BUF,Standard (1-way),24,,6,UFA,2013,"$4,000,000","$4,000,000","$3,000,000","$3,000,000",$0,$0
Nathan Horton,-,22,RW,Right,FLA,Standard (1-way),22,,6,UFA,2013,"$4,000,000","$4,000,000","$3,000,000","$3,000,000",$0,$0
Derek Morris,-,28,D,Right,ARI,Standard (1-way),27,,3,UFA,2009,"$3,916,667","$3,916,667","$3,900,000","$3,900,000",$0,$0
Paul Martin,-,26,LD,Left,NJD,Standard (1-way),26,,3,UFA,2010,"$3,833,333","$3,833,333","$3,000,000","$3,000,000",$0,$0
Martin Gerber,-,32,G,Left,OTT,Standard (1-way),31,,3,UFA,2009,"$3,700,000","$3,700,000","$3,700,000","$3,700,000",$0,$0
Rod Brind'Amour,-,36,C,Left,CAR,35+ (1-way),35,,5,UFA,2011,"$3,600,000","$3,600,000","$4,000,000","$4,000,000",$0,$0
Shawn Horcoff,-,28,C,Left,EDM,Standard (1-way),27,,3,UFA,2009,"$3,600,000","$3,600,000","$3,600,000","$3,600,000",$0,$0
Daniel Sedin,-,26,LW,Left,VAN,Standard (1-way),25,,3,UFA,2009,"$3,575,000","$3,575,000","$3,575,000","$3,575,000",$0,$0
Henrik Sedin,-,26,C,Left,VAN,Standard (1-way),25,,3,UFA,2009,"$3,575,000","$3,575,000","$3,575,000","$3,575,000",$0,$0
Ray Whitney,-,35,LW,Right,CAR,35+ (1-way),34,NMC,3,UFA,2010,"$3,550,000","$3,550,000","$3,550,000","$3,550,000",$0,$0
Alexei Zhitnik,-,34,LD,Left,NYI,Standard (1-way),32,,4,UFA,2009,"$3,503,750","$3,503,750","$3,500,000","$3,500,000",$0,$0
Sami Salo,-,32,D,Right,VAN,Standard (1-way),32,NTC,4,UFA,2011,"$3,500,000","$3,500,000","$3,000,000","$3,000,000",$0,$0
Martin Biron,-,29,G,Left,PHI,Standard (1-way),29,,2,UFA,2009,"$3,500,000","$3,500,000","$3,500,000","$3,500,000",$0,$0
Craig Rivet,-,32,D,Right,SJS,Standard (1-way),32,,4,UFA,2011,"$3,500,000","$3,500,000","$3,500,000","$3,500,000",$0,$0
Brad Stuart,-,27,RD,Left,LAK,Standard (1-way),27,,1,UFA,2008,"$3,500,000","$3,500,000","$3,500,000","$3,500,000",$0,$0
Willie Mitchell,-,30,LD,Left,VAN,Standard (1-way),29,NTC,4,UFA,2010,"$3,500,000","$3,500,000","$3,500,000","$3,500,000",$0,$0
Justin Williams,-,25,RW,Right,CAR,Standard (1-way),24,,5,UFA,2011,"$3,500,000","$3,500,000","$3,500,000","$3,500,000",$0,$0
Mattias Ohlund,-,30,LD,Left,VAN,Standard (1-way),28,,4,UFA,2009,"$3,500,000","$3,500,000","$3,500,000","$3,500,000",$0,$0
Chris Phillips,-,29,LD,Left,OTT,Standard (1-way),29,NTC,4,UFA,2011,"$3,500,000","$3,500,000","$3,500,000","$3,500,000",$0,$0
Mike Modano,-,37,C,Left,DAL,35+ (1-way),35,NTC,5,UFA,2010,"$3,450,000","$3,450,000","$4,250,000","$4,250,000",$0,$0
Dainius Zubrus,-,29,LW,Left,NJD,Standard (1-way),29,,6,UFA,2013,"$3,400,000","$3,400,000","$3,400,000","$3,400,000",$0,$0
Mike Cammalleri,-,25,"LW, C",Left,LAK,Standard (1-way),25,,2,UFA,2009,"$3,350,000","$3,350,000","$3,100,000","$3,100,000",$0,$0
Marek Zidlicky,-,30,RD,Right,NSH,Standard (1-way),29,,4,UFA,2010,"$3,350,000","$3,350,000","$3,200,000","$3,200,000",$0,$0
Andy McDonald,-,29,C,Left,ANA,Standard (1-way),28,,3,UFA,2009,"$3,333,333","$3,333,333","$3,333,333","$3,333,333",$0,$0
Jaroslav Spacek,-,33,D,Left,BUF,Standard (1-way),32,,3,UFA,2009,"$3,333,333","$3,333,333","$3,475,000","$3,475,000",$0,$0
Dan Boyle,-,30,LD,Right,TBL,Standard (1-way),29,,3,UFA,2008,"$3,333,333","$3,333,333","$3,625,000","$3,625,000",$0,$0
Freddy Modin,-,32,LW,Left,CBJ,Standard (1-way),32,,3,UFA,2010,"$3,250,000","$3,250,000","$2,750,000","$2,750,000",$0,$0
Mikko Koivu,-,24,C,Left,MIN,Standard (1-way),24,,4,UFA,2011,"$3,250,000","$3,250,000","$2,700,000","$2,700,000",$0,$0
Steve Sullivan,-,32,LW,Right,NSH,Standard (1-way),31,,4,UFA,2009,"$3,200,000","$3,200,000","$3,200,000","$3,200,000",$0,$0
Ray Emery,-,Deceased (35),G,Left,OTT,Standard (1-way),24,,3,UFA,2010,"$3,166,666","$3,166,666","$2,750,000","$2,750,000",$0,$0
Zach Parise,COL,22,LW,Left,NJD,Standard (1-way),23,,4,RFA,2011,"$3,125,000","$3,125,000","$2,000,000","$2,000,000",$0,$0
Dan Cloutier,-,31,G,Left,LAK,Standard (1-way),31,,2,UFA,2009,"$3,100,000","$3,100,000","$3,100,000","$3,100,000",$0,$0
Stephen Weiss,-,24,C,Left,FLA,Standard (1-way),24,NMC,6,UFA,2013,"$3,100,000","$3,100,000","$1,800,000","$1,800,000",$0,$0
Niklas Bäckström,-,29,G,Left,MIN,Standard (1-way),29,,2,UFA,2009,"$3,100,000","$3,100,000","$3,100,000","$3,100,000",$0,$0
Ruslan Salei,-,Deceased (36),D,Left,FLA,Standard (1-way),31,,4,UFA,2010,"$3,025,000","$3,025,000","$3,025,000","$3,025,000",$0,$0
Colin White,-,29,LD,Left,NJD,Standard (1-way),28,,6,UFA,2012,"$3,000,000","$3,000,000","$3,000,000","$3,000,000",$0,$0
Jonathan Cheechoo,-,26,RW,Right,SJS,Standard (1-way),25,,5,UFA,2011,"$3,000,000","$3,000,000","$2,500,000","$2,500,000",$0,$0
Andy Sutton,-,32,D,Left,NYI,Standard (1-way),32,,3,UFA,2010,"$3,000,000","$3,000,000","$2,500,000","$2,500,000",$0,$0
Filip Kuba,-,30,D,Left,TBL,Standard (1-way),29,,3,UFA,2009,"$3,000,000","$3,000,000","$3,000,000","$3,000,000",$0,$0
Chris Mason,-,31,G,Left,NSH,Standard (1-way),31,,3,UFA,2010,"$3,000,000","$3,000,000","$3,000,000","$3,000,000",$0,$0
Darcy Tucker,-,32,RW,Left,TOR,Standard (1-way),32,,4,UFA,2011,"$3,000,000","$3,000,000","$3,000,000","$3,000,000",$0,$0
Niklas Kronwall,-,26,LD,Left,DET,Standard (1-way),25,,5,UFA,2012,"$3,000,000","$3,000,000","$1,500,000","$1,500,000",$0,$0
Nick Boynton,-,28,RD,Right,ARI,Standard (1-way),27,,3,UFA,2009,"$2,950,000","$2,950,000","$2,950,000","$2,950,000",$0,$0
Michael Ryder,-,27,RW,Right,MTL,Standard (1-way),27,,1,RFA,2008,"$2,950,000","$2,950,000","$2,950,000","$2,950,000",$0,$0
John Madden,-,34,C,Left,NJD,Standard (1-way),31,,5,UFA,2009,"$2,938,500","$2,938,500","$2,938,500","$2,938,500",$0,$0
Mike Van Ryn,-,28,D,Right,FLA,Standard (1-way),27,,4,UFA,2010,"$2,900,000","$2,900,000","$2,450,000","$2,450,000",$0,$0
Alexander Frolov,-,25,LW,Right,LAK,Standard (1-way),23,,5,UFA,2010,"$2,900,000","$2,900,000","$3,000,000","$3,000,000",$0,$0
Tim Connolly,-,26,C,Right,BUF,Standard (1-way),25,,3,UFA,2009,"$2,900,000","$2,900,000","$3,000,000","$3,000,000",$0,$0
Bryan Allen,-,26,D,Left,FLA,Standard (1-way),26,,5,UFA,2012,"$2,900,000","$2,900,000","$2,250,000","$2,250,000",$0,$0
Toni Lydman,-,29,D,Left,BUF,Standard (1-way),28,,4,UFA,2010,"$2,875,000","$2,875,000","$2,600,000","$2,600,000",$0,$0
Matt Cullen,-,30,"C, LW",Left,NYR,Standard (1-way),29,,4,UFA,2010,"$2,875,000","$2,875,000","$2,875,000","$2,875,000",$0,$0
Marc Denis,-,29,G,Left,TBL,Standard (1-way),28,,3,UFA,2009,"$2,866,667","$2,866,667","$2,800,000","$2,800,000",$0,$0
Jamie Langenbrunner,-,31,RW,Right,NJD,Standard (1-way),30,,5,UFA,2011,"$2,800,000","$2,800,000","$2,800,000","$2,800,000",$0,$0
Mike Ribeiro,-,27,C,Left,DAL,Standard (1-way),27,,1,UFA,2008,"$2,800,000","$2,800,000","$2,800,000","$2,800,000",$0,$0
Brendan Witt,-,32,LD,Left,NYI,Standard (1-way),31,,3,UFA,2009,"$2,766,667","$2,766,667","$2,800,000","$2,800,000",$0,$0
Tom Preissing,-,28,D,Right,LAK,Standard (1-way),28,,4,UFA,2011,"$2,750,000","$2,750,000","$2,750,000","$2,750,000",$0,$0
Niclas Hävelid,-,34,LD,Left,ATL,Standard (1-way),33,,3,UFA,2009,"$2,700,000","$2,700,000","$2,700,000","$2,700,000",$0,$0
Cam Ward,-,23,G,Left,CAR,Standard (1-way),23,,3,RFA,2010,"$2,666,667","$2,666,667","$2,000,000","$2,000,000",$0,$0
Ryan Miller,-,26,G,Left,BUF,Standard (1-way),26,,3,UFA,2009,"$2,666,667","$2,666,667","$2,500,000","$2,500,000",$0,$0
Mark Parrish,-,30,RW,Right,MIN,Standard (1-way),29,,5,UFA,2011,"$2,650,000","$2,650,000","$2,650,000","$2,650,000",$0,$0
Henrik Zetterberg,-,26,C,Left,DET,Standard (1-way),24,,4,UFA,2009,"$2,650,000","$2,650,000","$2,700,000","$2,700,000",$0,$0
Joe Corvo,-,30,D,Right,OTT,Standard (1-way),29,,4,UFA,2010,"$2,625,000","$2,625,000","$2,500,000","$2,500,000",$0,$0
Scott Walker,-,33,RW,Right,CAR,Standard (1-way),33,,3,UFA,2010,"$2,500,000","$2,500,000","$2,500,000","$2,500,000",$0,$0
Nikolai Zherdev,-,22,LW,Right,CBJ,Standard (1-way),21,,3,RFA,2009,"$2,500,000","$2,500,000","$2,500,000","$2,500,000",$0,$0
Darryl Sydor,-,35,LD,Left,PIT,35+ (1-way),35,,2,UFA,2009,"$2,500,000","$2,500,000","$2,500,000","$2,500,000",$0,$0
Greg de Vries,-,34,LD,Left,NSH,Standard (1-way),34,,2,UFA,2009,"$2,500,000","$2,500,000","$2,250,000","$2,250,000",$0,$0
Brian Pothier,-,30,D,Right,WSH,Standard (1-way),29,,4,UFA,2010,"$2,500,000","$2,500,000","$2,500,000","$2,500,000",$0,$0
Anton Volchenkov,-,25,D,Left,OTT,Standard (1-way),25,,3,UFA,2010,"$2,500,000","$2,500,000","$2,100,000","$2,100,000",$0,$0
Lee Stempniak,-,24,RW,Right,STL,Standard (1-way),24,,3,UFA,2010,"$2,500,000","$2,500,000","$1,500,000","$1,500,000",$0,$0
Karlis Skrastins,-,Deceased (37),D,Left,COL,Standard (1-way),31,,3,UFA,2009,"$2,400,000","$2,400,000","$2,400,000","$2,400,000",$0,$0
Joni Pitkanen,-,23,LD,Left,EDM,Standard (1-way),23,,1,RFA,2008,"$2,400,000","$2,400,000","$2,400,000","$2,400,000",$0,$0
Jesse Winchester,-,23,"C, RW, LW",Right,OTT,Entry-Level,23,,1,RFA,2008,"$2,380,769","$2,380,769","$850,000","$762,500","$87,500","$359,600"
Ales Kotalik,-,28,RW,Right,BUF,Standard (1-way),27,,3,UFA,2009,"$2,333,333","$2,333,333","$2,500,000","$2,500,000",$0,$0
Joffrey Lupul,-,23,"LW, RW",Right,EDM,Standard (1-way),22,,3,RFA,2009,"$2,311,667","$2,311,667","$2,535,000","$2,535,000",$0,$0
Christian Backman,-,27,LD,Left,STL,Standard (1-way),26,,3,UFA,2009,"$2,300,000","$2,300,000","$2,200,000","$2,200,000",$0,$0
Keith Ballard,-,24,D,Left,ARI,Standard (1-way),24,,2,RFA,2009,"$2,275,000","$2,275,000","$2,050,000","$2,050,000",$0,$0
Jozef Stumpel,-,34,C,Right,FLA,Standard (1-way),34,,2,UFA,2009,"$2,250,000","$2,250,000","$2,250,000","$2,250,000",$0,$0
Jean-Pierre Dumont,-,29,RW,Left,NSH,Standard (1-way),28,,2,UFA,2008,"$2,250,000","$2,250,000","$2,500,000","$2,500,000",$0,$0
Raffi Torres,-,25,LW,Left,EDM,Standard (1-way),25,,3,UFA,2010,"$2,250,000","$2,250,000","$1,600,000","$1,600,000",$0,$0
Frantisek Kaberle,-,33,D,Left,CAR,Standard (1-way),32,,4,UFA,2010,"$2,200,000","$2,200,000","$2,200,000","$2,200,000",$0,$0
Barret Jackman,-,26,LD,Left,STL,Standard (1-way),26,,1,UFA,2008,"$2,200,000","$2,200,000","$2,200,000","$2,200,000",$0,$0
Jarret Stoll,-,25,C,Right,EDM,Standard (1-way),24,,2,RFA,2008,"$2,200,000","$2,200,000","$2,200,000","$2,200,000",$0,$0
Jay Bouwmeester,-,23,LD,Left,FLA,Standard (1-way),22,,2,RFA,2008,"$2,175,000","$2,175,000","$2,250,000","$2,250,000",$0,$0
Alexei Ponikarovsky,-,27,LW,Left,TOR,Standard (1-way),27,,3,UFA,2010,"$2,105,000","$2,105,000","$1,575,000","$1,575,000",$0,$0
Peter Schaefer,-,29,LW,Left,OTT,Standard (1-way),28,,4,UFA,2010,"$2,100,000","$2,100,000","$1,900,000","$1,900,000",$0,$0
Denis Gauthier,-,30,D,Left,PHI,Standard (1-way),29,,3,RFA,2009,"$2,100,000","$2,100,000","$2,100,000","$2,100,000",$0,$0
Michal Rozsíval,-,28,RD,Right,NYR,Standard (1-way),27,,2,UFA,2008,"$2,100,000","$2,100,000","$2,300,000","$2,300,000",$0,$0
Hal Gill,-,32,D,Left,TOR,Standard (1-way),31,,3,UFA,2009,"$2,075,000","$2,075,000","$2,075,000","$2,075,000",$0,$0
Nikolai Antropov,-,27,RW,Left,TOR,Standard (1-way),27,,2,UFA,2009,"$2,050,000","$2,050,000","$1,950,000","$1,950,000",$0,$0
Andrew Raycroft,-,27,G,Left,TOR,Standard (1-way),26,,3,UFA,2009,"$2,000,000","$2,000,000","$2,000,000","$2,000,000",$0,$0
Jeff Halpern,-,31,C,Right,DAL,Standard (1-way),30,,4,UFA,2010,"$2,000,000","$2,000,000","$2,000,000","$2,000,000",$0,$0
Steven Reinprecht,-,31,C,Left,ARI,Standard (1-way),29,,3,UFA,2009,"$2,000,000","$2,000,000","$2,000,000","$2,000,000",$0,$0
Dan Hamhuis,-,24,LD,Left,NSH,Standard (1-way),23,,4,UFA,2010,"$2,000,000","$2,000,000","$1,750,000","$1,750,000",$0,$0
Jason Smith,-,33,RD,Right,EDM,Standard (1-way),30,,4,UFA,2008,"$1,976,000","$1,976,000","$1,976,000","$1,976,000",$0,$0
Francis Bouillon,-,31,LD,Left,MTL,Standard (1-way),30,,3,UFA,2009,"$1,875,000","$1,875,000","$1,875,000","$1,875,000",$0,$0
Tuomo Ruutu,-,24,"LW, RW",Left,CHI,Standard (1-way),23,,2,RFA,2008,"$1,875,000","$1,875,000","$2,250,000","$2,250,000",$0,$0
David Legwand,-,26,"C, LW",Left,NSH,Standard (1-way),25,,2,UFA,2008,"$1,875,000","$1,875,000","$2,100,000","$2,100,000",$0,$0
Nick Schultz,-,24,LD,Left,MIN,Standard (1-way),24,,1,UFA,2008,"$1,850,000","$1,850,000","$1,850,000","$1,850,000",$0,$0
Kari Lehtonen,-,23,G,Left,ATL,Standard (1-way),22,,2,RFA,2008,"$1,850,000","$1,850,000","$2,200,000","$2,200,000",$0,$0
Matthew Lombardi,-,25,C,Left,CGY,Standard (1-way),25,,3,UFA,2010,"$1,816,667","$1,816,667","$1,550,000","$1,550,000",$0,$0
Jussi Jokinen,-,24,"LW, RW",Left,DAL,Standard (1-way),24,,2,RFA,2009,"$1,812,500","$1,812,500","$1,750,000","$1,750,000",$0,$0
Martin Skoula,-,27,D,Left,MIN,Standard (1-way),27,,2,UFA,2009,"$1,800,000","$1,800,000","$1,700,000","$1,700,000",$0,$0
Craig Conroy,-,35,C,Right,LAK,Standard (1-way),32,,4,UFA,2008,"$1,795,500","$1,795,500","$2,394,000","$2,394,000",$0,$0
Eric Belanger,-,29,C,Left,MIN,Standard (1-way),29,,3,UFA,2010,"$1,750,000","$1,750,000","$1,750,000","$1,750,000",$0,$0
Ryan Kesler,-,22,"C, RW",Right,VAN,Standard (1-way),22,,3,RFA,2010,"$1,750,000","$1,750,000","$1,750,000","$1,750,000",$0,$0
Niclas Wallin,-,32,D,Left,CAR,Standard (1-way),31,NTC,4,UFA,2010,"$1,725,000","$1,725,000","$1,725,000","$1,725,000",$0,$0
Brett McLean,-,28,C,Left,FLA,Standard (1-way),28,,3,UFA,2010,"$1,700,000","$1,700,000","$1,700,000","$1,700,000",$0,$0
Mike Komisarek,-,25,RD,Right,MTL,Standard (1-way),25,,2,UFA,2009,"$1,700,000","$1,700,000","$1,500,000","$1,500,000",$0,$0
Chris Higgins,-,24,LW,Left,MTL,Standard (1-way),24,,2,RFA,2009,"$1,700,000","$1,700,000","$1,500,000","$1,500,000",$0,$0
Martin Erat,-,25,RW,Left,NSH,Standard (1-way),24,,2,RFA,2008,"$1,675,000","$1,675,000","$1,750,000","$1,750,000",$0,$0
Francois Beauchemin,-,27,LD,Left,ANA,Standard (1-way),26,,2,UFA,2009,"$1,650,000","$1,650,000","$1,650,000","$1,650,000",$0,$0
Duvie Westcott,-,29,RD,Right,CBJ,Standard (1-way),29,,3,UFA,2010,"$1,600,000","$1,600,000","$1,100,000","$1,100,000",$0,$0
Jason Williams,-,26,RW,Right,DET,Standard (1-way),25,,2,UFA,2008,"$1,600,000","$1,600,000","$1,600,000","$1,600,000",$0,$0
Petr Prucha,-,24,"RW, LW",Right,NYR,Standard (1-way),24,,2,RFA,2009,"$1,600,000","$1,600,000","$1,600,000","$1,600,000",$0,$0
Rostislav Klesla,-,25,D,Left,CBJ,Standard (1-way),24,,4,UFA,2010,"$1,600,000","$1,600,000","$1,450,000","$1,450,000",$0,$0
Tomas Plekanec,-,24,C,Left,MTL,Standard (1-way),24,,2,RFA,2009,"$1,600,000","$1,600,000","$1,400,000","$1,400,000",$0,$0
Brad Lukowich,-,30,D,Left,TBL,Standard (1-way),30,,3,UFA,2010,"$1,566,667","$1,566,667","$1,250,000","$1,250,000",$0,$0
Matt Cooke,-,28,LW,Left,VAN,Standard (1-way),27,,3,UFA,2008,"$1,508,333","$1,508,333","$1,525,000","$1,525,000",$0,$0
Teemu Selanne,-,36,RW,Right,ANA,35+ (1-way),36,,1,UFA,2008,"$1,500,000","$1,500,000","$1,500,000","$1,500,000",$0,$0
Mike Fisher,-,27,C,Right,OTT,Standard (1-way),25,,3,UFA,2008,"$1,500,000","$1,500,000","$1,500,000","$1,500,000",$0,$0
Brian Campbell,-,28,LD,Left,BUF,Standard (1-way),27,,2,UFA,2008,"$1,500,000","$1,500,000","$1,750,000","$1,750,000",$0,$0
Brad Boyes,-,25,"RW, C",Right,BOS,Standard (1-way),24,,2,UFA,2008,"$1,500,000","$1,500,000","$1,600,000","$1,600,000",$0,$0
Stephane Robidas,-,30,RD,Right,DAL,Standard (1-way),29,,3,UFA,2010,"$1,500,000","$1,500,000","$1,500,000","$1,500,000",$0,$0
Jordan Leopold,-,26,D,Left,COL,Standard (1-way),26,,2,UFA,2009,"$1,500,000","$1,500,000","$1,500,000","$1,500,000",$0,$0
Duncan Keith,-,23,LD,Left,CHI,Standard (1-way),22,,4,RFA,2010,"$1,475,000","$1,475,000","$1,400,000","$1,400,000",$0,$0
Samuel Pahlsson,-,29,C,Left,ANA,Standard (1-way),28,,2,UFA,2009,"$1,400,000","$1,400,000","$1,400,000","$1,400,000",$0,$0
Wayne Primeau,-,31,C,Left,CGY,Standard (1-way),31,,3,UFA,2010,"$1,400,000","$1,400,000","$1,400,000","$1,400,000",$0,$0
Bryce Salvador,-,31,D,Left,STL,Standard (1-way),29,,3,UFA,2008,"$1,400,000","$1,400,000","$1,500,000","$1,500,000",$0,$0
Andrew Ference,-,28,RD,Left,CGY,Standard (1-way),27,,3,UFA,2010,"$1,400,000","$1,400,000","$1,235,000","$1,235,000",$0,$0
Robyn Regehr,-,27,D,Left,CGY,Standard (1-way),23,,5,UFA,2008,"$1,374,800","$1,374,800","$2,052,000","$2,052,000",$0,$0
Lubomir Visnovsky,-,30,RD,Left,LAK,Standard (1-way),27,,4,UFA,2008,"$1,368,000","$1,368,000","$2,052,000","$2,052,000",$0,$0
Jamal Mayers,-,32,RW,Right,STL,Standard (1-way),32,,3,UFA,2010,"$1,333,333","$1,333,333","$1,333,333","$1,333,333",$0,$0
John-Michael Liles,-,26,LD,Left,COL,Standard (1-way),25,,2,RFA,2008,"$1,325,000","$1,325,000","$1,400,000","$1,400,000",$0,$0
Alexander Semin,-,23,"RW, LW",Right,WSH,Standard (1-way),22,,2,RFA,2008,"$1,300,000","$1,300,000","$1,200,000","$1,200,000",$0,$0
Marc-André Fleury,MIN,22,G,Left,PIT,Standard (1-way),21,,2,RFA,2008,"$1,294,750","$1,294,750","$1,600,000","$1,600,000",$0,$0
Carlo Colaiacovo,-,24,LD,Left,TOR,Standard (1-way),24,,3,UFA,2010,"$1,283,333","$1,283,333","$1,050,000","$1,050,000",$0,$0
Chris Kelly,-,26,"C, LW",Left,OTT,Standard (1-way),26,,1,UFA,2008,"$1,262,500","$1,262,500","$1,262,500","$1,262,500",$0,$0
Andrew Alberts,-,26,D,Left,BOS,Standard (1-way),25,,2,UFA,2009,"$1,250,000","$1,250,000","$1,100,000","$1,100,000",$0,$0
Michel Ouellet,-,25,RW,Right,TBL,Standard (1-way),25,,2,UFA,2009,"$1,250,000","$1,250,000","$1,200,000","$1,200,000",$0,$0
Mike Commodore,-,27,D,Right,CAR,Standard (1-way),26,,2,UFA,2008,"$1,250,000","$1,250,000","$1,300,000","$1,300,000",$0,$0
Zbynek Michalek,-,24,RD,Right,ARI,Standard (1-way),23,,4,UFA,2010,"$1,250,000","$1,250,000","$1,200,000","$1,200,000",$0,$0
Jim Vandermeer,-,27,LD,Left,CHI,Standard (1-way),27,,1,UFA,2008,"$1,225,000","$1,225,000","$1,225,000","$1,225,000",$0,$0
Radim Vrbata,-,26,RW,Right,CHI,Standard (1-way),25,,2,UFA,2008,"$1,225,000","$1,225,000","$1,225,000","$1,225,000",$0,$0
Scottie Upshall,-,23,LW,Left,PHI,Standard (1-way),23,,2,RFA,2009,"$1,225,000","$1,225,000","$1,200,000","$1,200,000",$0,$0
Shawn Bates,-,32,"C, LW",Right,NYI,Standard (1-way),31,,3,UFA,2009,"$1,200,000","$1,200,000","$1,200,000","$1,200,000",$0,$0
Colby Armstrong,-,24,RW,Right,PIT,Standard (1-way),24,,2,RFA,2009,"$1,200,000","$1,200,000","$1,200,000","$1,200,000",$0,$0
Mikael Samuelsson,-,30,RW,Right,DET,Standard (1-way),29,,3,UFA,2009,"$1,200,000","$1,200,000","$1,200,000","$1,200,000",$0,$0
Manny Malhotra,-,27,C,Left,CBJ,Standard (1-way),26,,3,UFA,2009,"$1,200,000","$1,200,000","$1,200,000","$1,200,000",$0,$0
Ilya Bryzgalov,-,27,G,Left,ANA,Standard (1-way),26,,2,UFA,2008,"$1,181,250","$1,181,250","$1,362,500","$1,362,500",$0,$0
Tim Gleason,-,24,D,Left,LAK,Standard (1-way),23,,2,RFA,2008,"$1,175,000","$1,175,000","$1,175,000","$1,175,000",$0,$0
Dustin Brown,-,22,"RW, LW",Right,LAK,Standard (1-way),21,,2,RFA,2008,"$1,175,000","$1,175,000","$1,175,000","$1,175,000",$0,$0
R.J. Umberger,-,25,C,Left,PHI,Standard (1-way),24,,2,RFA,2008,"$1,150,000","$1,150,000","$1,250,000","$1,250,000",$0,$0
Matt Greene,-,24,RD,Right,EDM,Standard (1-way),24,,2,RFA,2009,"$1,150,000","$1,150,000","$1,050,000","$1,050,000",$0,$0
Lukas Krajicek,-,24,D,Left,VAN,Standard (1-way),24,,2,RFA,2009,"$1,100,000","$1,100,000","$1,100,000","$1,100,000",$0,$0
Tim Thomas,-,33,G,Left,BOS,Standard (1-way),31,,3,UFA,2009,"$1,100,000","$1,100,000","$1,000,000","$1,000,000",$0,$0
Mathieu Garon,-,29,G,Right,EDM,Standard (1-way),29,,2,RFA,2009,"$1,100,000","$1,100,000","$1,200,000","$1,200,000",$0,$0
Chris Neil,-,28,RW,Right,OTT,Standard (1-way),27,,3,UFA,2009,"$1,100,000","$1,100,000","$1,100,000","$1,100,000",$0,$0
Steve Begin,-,29,C,Left,MTL,Standard (1-way),27,,3,UFA,2009,"$1,057,000","$1,057,000","$1,225,000","$1,225,000",$0,$0
Chris Kunitz,-,27,"RW, LW",Left,ANA,Standard (1-way),26,,2,UFA,2008,"$1,056,250","$1,056,250","$1,150,000","$1,150,000",$0,$0
Marek Svatos,-,Deceased (34),RW,Right,COL,Standard (1-way),25,,1,RFA,2008,"$1,050,000","$1,050,000","$1,050,000","$1,050,000",$0,$0
Brooks Orpik,-,26,LD,Left,PIT,Standard (1-way),25,,2,UFA,2008,"$1,037,500","$1,037,500","$1,075,000","$1,075,000",$0,$0
Jason Pominville,-,24,RW,Right,BUF,Standard (1-way),23,,3,RFA,2009,"$1,033,333","$1,033,333","$925,000","$925,000",$0,$0
Jiri Hudler,-,23,"LW, RW",Left,DET,Standard (1-way),23,,2,RFA,2009,"$1,015,000","$1,015,000","$880,000","$880,000",$0,$0
Johan Hedberg,-,34,G,Left,ATL,Standard (1-way),33,,2,UFA,2008,"$1,000,000","$1,000,000","$1,150,000","$1,150,000",$0,$0
Andreas Lilja,-,31,LD,Left,DET,Standard (1-way),30,,2,UFA,2008,"$1,000,000","$1,000,000","$1,000,000","$1,000,000",$0,$0
Matt Pettinger,-,26,LW,Left,WSH,Standard (1-way),25,,3,UFA,2009,"$1,000,000","$1,000,000","$1,000,000","$1,000,000",$0,$0
Jan Hejda,-,29,D,Left,CBJ,Standard (1-way),29,,1,UFA,2008,"$1,000,000","$1,000,000","$1,000,000","$1,000,000",$0,$0
Antoine Vermette,-,24,"C, LW",Left,OTT,Standard (1-way),23,,2,RFA,2008,"$1,000,000","$1,000,000","$1,075,000","$1,075,000",$0,$0
Fedor Tyutin,-,23,LD,Left,NYR,Standard (1-way),23,,2,RFA,2008,"$987,500","$987,500","$1,025,000","$1,025,000",$0,$0
Marek Schwarz,-,21,G,Right,STL,Entry-Level,20,,3,RFA,2009,"$984,200","$984,200","$984,200","$688,900","$295,300",$0
Kris Chucko,-,21,LW,Right,CGY,Entry-Level,20,,3,RFA,2009,"$984,200","$984,200","$984,200","$688,900","$295,300",$0
Cory Schneider,-,21,G,Left,VAN,Entry-Level,21,,3,RFA,2010,"$984,200","$1,084,200","$984,200","$688,900","$295,300",$0
Travis Zajac,-,22,C,Right,NJD,Entry-Level,21,,3,RFA,2009,"$984,200","$984,200","$984,200","$688,900","$295,300",$0
Andrej Meszaros,-,21,RD,Left,OTT,Entry-Level,22,,3,RFA,2008,"$984,200","$984,200","$984,200","$800,000","$184,200",$0
Lauri Korpikoski,-,20,"LW, RW",Left,NYR,Entry-Level,20,,3,RFA,2009,"$984,200","$1,017,533","$984,200","$688,900","$295,300",$0
Alex Ovechkin,WSH,21,LW,Right,WSH,Entry-Level,20,,3,RFA,2008,"$984,200","$3,834,200","$984,200","$984,200",$0,"$2,850,000"
Evgeni Malkin,PIT,20,C,Left,PIT,Entry-Level,20,,3,RFA,2009,"$984,200","$3,834,200","$984,200","$688,900","$295,300","$2,850,000"
Drew Stafford,-,21,"RW, LW",Right,BUF,Entry-Level,20,,3,RFA,2009,"$984,200","$984,200","$984,200","$688,900","$295,300",$0
Andrew Ladd,-,21,LW,Left,CAR,Entry-Level,20,,3,RFA,2008,"$984,200","$1,834,200","$984,200","$984,200",$0,"$850,000"
Denis Grebeshkov,-,23,D,Left,EDM,Standard (1-way),23,,1,RFA,2008,"$950,000","$950,000","$950,000","$950,000",$0,$0
Mike Smith,-,25,G,Left,DAL,Standard (1-way),24,,2,RFA,2009,"$950,000","$950,000","$950,000","$950,000",$0,$0
Shane O'Brien,-,23,LD,Left,TBL,Standard (1-way),23,,2,RFA,2009,"$950,000","$950,000","$875,000","$875,000",$0,$0
Wojtek Wolski,-,21,RW,Left,COL,Entry-Level,19,,3,RFA,2008,"$942,800","$942,800","$860,000","$620,000","$240,000",$0
Kyle Chipchura,-,21,"C, RW",Left,MTL,Entry-Level,20,,3,RFA,2009,"$942,800","$942,800","$984,200","$688,900","$295,300",$0
Brent Seabrook,TBL,22,RD,Right,CHI,Entry-Level,20,,3,RFA,2008,"$942,400","$942,400","$942,400","$660,700","$281,700",$0
Brian Elliott,-,22,G,Left,OTT,Entry-Level,22,,2,RFA,2009,"$942,400","$1,127,080","$942,400","$757,720","$184,680","$184,680"
Mike Richards,-,22,C,Left,PHI,Entry-Level,20,,3,RFA,2008,"$942,400","$942,400","$942,400","$942,400",$0,$0
Jeff Carter,PIT,22,"RW, C",Right,PHI,Entry-Level,20,,3,RFA,2008,"$942,400","$942,400","$942,400","$942,400",$0,$0
Matthew Carle,-,22,LD,Left,SJS,Entry-Level,20,,3,RFA,2008,"$942,400","$1,367,400","$942,400","$659,700","$282,700","$425,000"
Mark Stuart,-,23,LD,Left,BOS,Entry-Level,21,,3,RFA,2008,"$942,400","$1,579,900","$942,400","$942,400",$0,"$637,500"
Patrick Eaves,-,23,"RW, LW",Right,OTT,Entry-Level,21,,3,RFA,2008,"$942,133","$942,133","$941,600","$800,000","$141,600",$0
Johan Franzen,-,27,"RW, LW",Left,DET,Standard (1-way),26,,3,UFA,2009,"$941,667","$941,667","$900,000","$900,000",$0,$0
Paul Ranger,-,22,LD,Left,TBL,Standard (1-way),22,,3,RFA,2010,"$933,333","$933,333","$933,333","$933,333",$0,$0
Travis Moen,-,25,"LW, RW",Left,ANA,Standard (1-way),25,,2,UFA,2009,"$912,500","$912,500","$900,000","$900,000",$0,$0
Shaone Morrisonn,-,24,LD,Left,WSH,Standard (1-way),23,,2,RFA,2008,"$900,000","$900,000","$900,000","$900,000",$0,$0
Tom Kostopoulos,-,28,"RW, LW",Right,MTL,Standard (1-way),28,,2,UFA,2009,"$900,000","$900,000","$900,000","$900,000",$0,$0
Eric Fehr,-,21,"C, RW",Right,WSH,Entry-Level,20,,3,RFA,2008,"$894,933","$894,933","$800,000","$700,000","$100,000",$0
Marc-Andre Bergeron,-,26,D,Left,EDM,Standard (1-way),23,,5,UFA,2009,"$889,200","$889,200","$1,045,000","$1,045,000",$0,$0
Cam Barker,-,21,LD,Left,CHI,Entry-Level,19,,3,RFA,2009,"$885,767","$2,735,767","$688,900","$688,900",$0,"$1,850,000"
Lauri Tukonen,-,20,LW,Right,LAK,Entry-Level,19,,3,RFA,2009,"$885,767","$885,767","$984,200","$688,900","$295,300",$0
Ladislav Smid,-,21,LD,Left,FLA,Entry-Level,19,,3,RFA,2009,"$885,767","$885,767","$720,700","$688,900","$31,800",$0
Alexander Radulov,-,20,RW,Left,NSH,Entry-Level,19,,3,RFA,2009,"$885,766","$885,766","$688,900","$688,900",$0,$0
Christoph Schubert,-,25,LD,Left,OTT,Standard (1-way),25,,3,UFA,2010,"$883,333","$883,333","$883,333","$883,333",$0,$0
Milan Jurcina,-,24,D,Right,WSH,Standard (1-way),24,,2,RFA,2009,"$881,250","$881,250","$850,000","$850,000",$0,$0
Pascal Dupuis,-,28,"RW, LW",Left,ATL,Standard (1-way),28,,1,UFA,2008,"$880,000","$880,000","$880,000","$880,000",$0,$0
Todd Fedoruk,-,28,LW,Left,DAL,Standard (1-way),28,,1,UFA,2008,"$875,000","$875,000","$875,000","$875,000",$0,$0
Zach Hamill,-,18,C,Right,BOS,Entry-Level,18,,3,RFA,2012,"$875,000","$1,375,000",$0,"-$87,500","$87,500",$0
Dean McAmmond,-,34,LW,Left,OTT,Standard (1-way),34,,2,UFA,2009,"$875,000","$875,000","$850,000","$850,000",$0,$0
Derek Boogaard,-,Deceased (28),LW,Left,MIN,Standard (1-way),25,,3,UFA,2010,"$875,000","$875,000","$750,000","$750,000",$0,$0
Kyle Wellwood,-,24,C,Right,TOR,Standard (1-way),23,,2,RFA,2008,"$875,000","$875,000","$950,000","$950,000",$0,$0
Ivan Vishnevskiy,-,19,D,Left,DAL,Entry-Level,19,,3,RFA,2011,"$875,000","$875,000",$0,"-$85,000","$85,000",$0
Jonathon Blum,-,18,D,Right,NSH,Entry-Level,18,,3,RFA,2012,"$875,000","$1,000,000",$0,"-$87,500","$87,500",$0
Thomas Hickey,-,18,LD,Left,LAK,Entry-Level,18,,3,RFA,2012,"$875,000","$1,375,000",$0,"-$87,500","$87,500",$0
Jack Hillen,-,21,D,Left,NYI,Entry-Level,22,,2,RFA,2009,"$875,000","$1,125,000","$875,000","$787,500","$87,500",$0
Logan Couture,SJS,18,C,Left,SJS,Entry-Level,18,,3,RFA,2012,"$875,000","$1,300,000",$0,"-$87,500","$87,500",$0
Jakub Voracek,ARI,17,"RW, LW",Left,CBJ,Entry-Level,18,,3,RFA,2011,"$875,000","$1,300,000",$0,"-$87,500","$87,500",$0
Sam Gagner,EDM,17,"RW, C",Right,EDM,Entry-Level,18,,3,RFA,2010,"$875,000","$1,625,000","$875,000","$875,000",$0,"$750,000"
Chris Porter,-,23,LW,Left,STL,Entry-Level,23,,2,RFA,2009,"$875,000","$875,000","$875,000","$787,500","$87,500",$0
Jason Chimera,-,28,"LW, RW",Left,CBJ,Standard (1-way),27,,2,UFA,2008,"$875,000","$875,000","$1,000,000","$1,000,000",$0,$0
Patrick Kane,DET,18,RW,Left,CHI,Entry-Level,18,,3,RFA,2010,"$875,000","$3,725,000","$875,000","$875,000",$0,"$2,850,000"
Matt Stajan,-,23,C,Left,TOR,Standard (1-way),22,,2,RFA,2008,"$875,000","$875,000","$950,000","$950,000",$0,$0
David Perron,DET,19,"RW, LW",Right,STL,Entry-Level,19,,3,RFA,2010,"$875,000","$918,333","$875,000","$875,000",$0,"$110,000"
Kyle Turris,-,17,"C, RW",Right,ARI,Entry-Level,17,,3,RFA,2011,"$875,000","$2,725,000",$0,"-$87,500","$87,500",$0
Ben Clymer,-,29,D,Right,WSH,Standard (1-way),28,,3,UFA,2009,"$866,667","$866,667","$825,000","$825,000",$0,$0
Boris Valabik,-,21,LD,Left,ATL,Entry-Level,20,,3,RFA,2009,"$858,333","$858,333","$850,000","$650,000","$200,000",$0
Brian Lee,-,20,D,Right,OTT,Entry-Level,20,,3,RFA,2010,"$850,000","$1,275,000","$850,000","$765,000","$85,000","$425,000"
Matt Pelech,-,19,D,Right,CGY,Entry-Level,20,,3,RFA,2010,"$850,000","$850,000","$850,000","$850,000",$0,$0
Vladimir Mihalik,-,20,D,Left,TBL,Entry-Level,20,,3,RFA,2010,"$850,000","$850,000","$850,000","$850,000",$0,$0
Enver Lisin,-,21,RW,Left,ARI,Entry-Level,20,,3,RFA,2009,"$850,000","$850,000","$850,000","$600,000","$250,000",$0
Guillaume Latendresse,-,20,LW,Left,MTL,Entry-Level,19,,3,RFA,2009,"$850,000","$850,000","$850,000","$765,000","$85,000",$0
Nick Palmieri,-,17,RW,Right,NJD,Entry-Level,18,,3,RFA,2012,"$850,000","$850,000",$0,"-$85,000","$85,000",$0
Ian White,-,23,D,Right,TOR,Standard (1-way),22,,3,UFA,2010,"$850,000","$850,000","$750,000","$750,000",$0,$0
Sidney Crosby,PIT,19,C,Left,PIT,Entry-Level,18,,3,RFA,2008,"$850,000","$3,700,000","$850,000","$765,000","$85,000","$2,850,000"
Peter Mueller,-,19,C,Right,ARI,Entry-Level,19,,3,RFA,2010,"$850,000","$1,700,000","$850,000","$850,000",$0,"$850,000"
Bobby Sanguinetti,-,19,RD,Right,NYR,Entry-Level,19,,3,RFA,2011,"$850,000","$883,333",$0,"-$85,000","$85,000",$0
Steve Bernier,-,22,RW,Right,SJS,Entry-Level,20,,3,RFA,2008,"$850,000","$1,183,333","$850,000","$750,000","$100,000","$262,500"
Nikolai Kulemin,-,20,"LW, RW",Left,TOR,Entry-Level,21,,3,RFA,2010,"$850,000","$1,487,500","$850,000","$850,000",$0,"$212,500"
Kyle Okposo,FLA,19,RW,Right,NYI,Entry-Level,19,,3,RFA,2011,"$850,000","$1,700,000",$0,"-$85,000","$85,000",$0
Tuukka Rask,-,20,G,Left,BOS,Entry-Level,24,,3,RFA,2010,"$850,000","$3,200,000","$850,000","$850,000",$0,"$2,350,000"
Jordan Staal,CAR,18,"C, LW",Left,PIT,Entry-Level,17,,3,RFA,2009,"$850,000","$2,200,000","$850,000","$765,000","$85,000","$1,350,000"
Carey Price,MTL,19,G,Left,MTL,Entry-Level,20,,3,RFA,2010,"$850,000","$2,200,000","$850,000","$850,000",$0,"$1,350,000"
Erik Johnson,PHI,19,RD,Right,STL,Entry-Level,19,,3,RFA,2010,"$850,000","$3,700,000","$850,000","$850,000",$0,"$2,850,000"
Semyon Varlamov,NYI,19,G,Left,WSH,Entry-Level,19,,3,RFA,2011,"$850,000","$850,000",$0,"-$85,000","$85,000",$0
Claude Giroux,OTT,19,"RW, C",Right,PHI,Entry-Level,19,,3,RFA,2011,"$850,000","$850,000",$0,"-$85,000","$85,000",$0
Martin Hanzal,-,20,C,Left,ARI,Entry-Level,20,,3,RFA,2010,"$850,000","$980,000","$850,000","$850,000",$0,"$130,000"
Patrik Berglund,-,19,"C, LW",Left,STL,Entry-Level,19,,3,RFA,2011,"$850,000","$1,275,000",$0,"-$85,000","$85,000",$0
Ryan Craig,-,25,C,Left,TBL,Standard (1-way),25,,1,RFA,2008,"$850,000","$850,000","$850,000","$850,000",$0,$0
Jack Johnson,COL,20,LD,Left,LAK,Entry-Level,20,,3,RFA,2009,"$850,000","$2,150,000","$850,000","$765,000","$85,000","$1,950,000"
Jack Skille,-,20,RW,Right,CHI,Entry-Level,20,,3,RFA,2010,"$850,000","$1,275,000","$850,000","$850,000",$0,"$425,000"
Artem Anisimov,-,19,"C, LW",Left,NYR,Entry-Level,19,,3,RFA,2011,"$850,000","$850,000",$0,"-$85,000","$85,000",$0
Nicklas Bäckström,WSH,19,C,Left,WSH,Entry-Level,20,,3,RFA,2010,"$850,000","$2,400,000","$850,000","$850,000",$0,"$1,350,000"
Jonathan Toews,-,19,C,Left,CHI,Entry-Level,19,,3,RFA,2010,"$850,000","$2,800,000","$850,000","$850,000",$0,"$1,750,000"
James Sheppard,-,19,C,Left,MIN,Entry-Level,19,,3,RFA,2010,"$850,000","$1,400,000","$850,000","$850,000",$0,"$500,000"
Jonas Hiller,-,25,G,Right,ANA,Entry-Level,25,,1,RFA,2008,"$850,000","$3,200,000","$850,000","$765,000","$85,000","$2,350,000"
Benoit Pouliot,-,20,LW,Left,MIN,Entry-Level,20,,3,RFA,2009,"$850,000","$1,700,000","$850,000","$765,000","$85,000","$850,000"
Vernon Fiddler,-,27,"C, LW",Left,NSH,Standard (1-way),27,,2,UFA,2009,"$850,000","$850,000","$800,000","$800,000",$0,$0
Christian Ehrhoff,-,24,LD,Left,SJS,Standard (1-way),24,,2,RFA,2008,"$850,000","$850,000","$900,000","$900,000",$0,$0
Ondrej Pavelec,-,19,G,Left,ATL,Entry-Level,20,,3,RFA,2010,"$850,000","$1,433,333","$850,000","$850,000",$0,"$400,000"
Bryan Little,ARI,19,"C, RW",Right,ATL,Entry-Level,20,,3,RFA,2010,"$850,000","$900,000","$850,000","$850,000",$0,"$150,000"
Phil Kessel,-,19,RW,Right,BOS,Entry-Level,18,,3,RFA,2009,"$850,000","$2,200,000","$850,000","$765,000","$85,000","$1,350,000"
Andrew Cogliano,COL,20,LW,Left,EDM,Entry-Level,20,,3,RFA,2010,"$850,000","$1,133,333","$850,000","$850,000",$0,"$350,000"
Dave Bolland,-,21,C,Right,CHI,Entry-Level,20,,3,RFA,2009,"$845,833","$845,833","$825,000","$625,000","$200,000",$0
Alex Goligoski,MIN,21,LD/RD,Left,PIT,Entry-Level,22,,2,RFA,2009,"$845,300","$984,200","$795,300","$500,000","$295,300","$188,900"
Rob Schremp,-,21,C,Left,EDM,Entry-Level,19,,3,RFA,2009,"$841,667","$841,667","$860,000","$670,000","$190,000",$0
Jay Pandolfo,-,32,LW,Left,NJD,Standard (1-way),29,,4,UFA,2008,"$836,000","$836,000","$836,000","$836,000",$0,$0
Mike Green,-,21,RD,Right,WSH,Entry-Level,20,,3,RFA,2008,"$833,333","$833,333","$850,000","$650,000","$200,000",$0
Brent Burns,CAR,22,RD,Right,MIN,Standard (1-way),21,,2,RFA,2008,"$825,000","$825,000","$875,000","$875,000",$0,$0
Jason LaBarbera,-,27,G,Left,LAK,Standard (1-way),27,,2,UFA,2009,"$825,000","$825,000","$800,000","$800,000",$0,$0
Rene Bourque,-,25,LW,Left,CHI,Standard (1-way),24,,2,UFA,2008,"$825,000","$825,000","$900,000","$900,000",$0,$0
Kenndal McArdle,-,20,D,Left,FLA,Entry-Level,20,,3,RFA,2010,"$823,333","$823,333","$770,000","$770,000",$0,$0
Leland Irving,-,19,G,Left,CGY,Entry-Level,19,,3,RFA,2011,"$821,667","$1,221,667",$0,"-$85,000","$85,000",$0
Gilbert Brule,-,20,C,Right,CBJ,Entry-Level,18,,3,RFA,2009,"$821,667","$1,246,667","$850,000","$765,000","$85,000","$425,000"
Ryan O'Marra,-,20,RW,Right,NYI,Entry-Level,19,,3,RFA,2010,"$821,667","$1,221,667","$850,000","$765,000","$85,000","$400,000"
Ryan Parent,-,20,D,Left,NSH,Entry-Level,19,,3,RFA,2010,"$821,667","$855,000","$850,000","$765,000","$85,000",$0
Devin Setoguchi,-,20,RW,Right,SJS,Entry-Level,18,,3,RFA,2010,"$821,667","$1,246,667","$850,000","$850,000",$0,"$425,000"
Jakub Kindl,-,20,LD,Left,DET,Entry-Level,20,,3,RFA,2010,"$821,667","$821,667","$850,000","$850,000",$0,$0
Michael Grabner,-,19,"LW, RW",Left,VAN,Entry-Level,18,,3,RFA,2011,"$821,667","$871,667",$0,"-$85,000","$85,000",$0
Anze Kopitar,LAK,19,C,Left,LAK,Entry-Level,18,,3,RFA,2009,"$821,667","$955,867","$850,000","$765,000","$85,000","$134,200"
Trevor Lewis,LAK,20,"RW, C",Right,LAK,Entry-Level,19,,3,RFA,2010,"$821,667","$855,000","$850,000","$765,000","$85,000",$0
Derick Brassard,-,19,"C, LW",Left,CBJ,Entry-Level,18,,3,RFA,2010,"$821,667","$1,246,667","$850,000","$850,000",$0,"$425,000"
Jiri Tlusty,-,19,C,Left,TOR,Entry-Level,18,,3,RFA,2010,"$821,667","$855,000","$850,000","$850,000",$0,"$100,000"
Bobby Ryan,-,20,"RW, LW",Right,ANA,Entry-Level,19,,3,RFA,2010,"$821,667","$1,921,667","$850,000","$765,000","$85,000","$1,100,000"
Jonathan Bernier,-,18,G,Left,LAK,Entry-Level,18,,3,RFA,2011,"$821,666","$871,666",$0,"-$85,000","$85,000",$0
Ty Wishart,-,19,D,Left,SJS,Entry-Level,19,,3,RFA,2011,"$816,667","$1,150,000",$0,"-$85,000","$85,000",$0
Jeff Tambellini,-,23,LW,Left,LAK,Entry-Level,21,,3,RFA,2008,"$816,033","$942,400","$882,700","$600,000","$282,700","$59,700"
Chris Stewart,-,19,"RW, LW",Right,COL,Entry-Level,20,,3,RFA,2010,"$811,667","$850,000","$735,000","$735,000",$0,"$115,000"
Shawn Matthias,-,19,"C, LW",Left,FLA,Entry-Level,19,,3,RFA,2011,"$801,667","$850,000",$0,"-$85,000","$85,000",$0
Jeff Hamilton,-,29,"C, RW",Right,CAR,Standard (1-way),29,,2,UFA,2009,"$800,000","$800,000","$800,000","$800,000",$0,$0
Mikael Tellqvist,-,27,G,Left,ARI,Standard (1-way),27,,2,UFA,2009,"$800,000","$800,000","$800,000","$800,000",$0,$0
Dennis Seidenberg,-,25,RD,Left,ARI,Standard (1-way),24,,2,UFA,2008,"$800,000","$800,000","$850,000","$850,000",$0,$0
Teddy Purcell,-,21,"RW, LW",Right,LAK,Entry-Level,22,,2,RFA,2009,"$800,000","$1,350,000","$750,000","$665,000","$85,000","$250,000"
Marc Staal,PHI,20,LD,Left,NYR,Entry-Level,18,,3,RFA,2010,"$793,333","$826,667","$850,000","$850,000",$0,"$100,000"
Matt Smaby,-,22,D,Left,TBL,Entry-Level,21,,3,RFA,2009,"$791,667","$791,667","$775,000","$550,000","$225,000",$0
Marcel Goc,-,23,C,Left,SJS,Standard (1-way),22,,2,RFA,2008,"$787,500","$787,500","$800,000","$800,000",$0,$0
Steve Ott,-,24,"C, LW",Left,DAL,Standard (1-way),23,,2,RFA,2008,"$787,500","$787,500","$800,000","$800,000",$0,$0
Trevor Daley,-,23,RD,Left,DAL,Standard (1-way),22,,2,RFA,2008,"$787,500","$787,500","$800,000","$800,000",$0,$0
Ryan Suter,DAL,22,LD,Left,NSH,Entry-Level,19,,3,RFA,2008,"$785,333","$785,333","$942,400","$942,400",$0,$0
Dion Phaneuf,-,22,LD,Left,CGY,Entry-Level,19,,3,RFA,2008,"$785,333","$785,333","$942,400","$942,400",$0,$0
Tom Gilbert,-,24,RD,Right,EDM,Entry-Level,23,,2,RFA,2008,"$782,500","$907,500","$835,000","$605,000","$230,000","$100,000"
Joe Pavelski,DAL,22,RW,Right,SJS,Entry-Level,22,,2,RFA,2008,"$780,000","$850,000","$810,000","$560,000","$250,000","$40,000"
Patrick Sharp,-,25,"LW, C",Right,CHI,Standard (1-way),24,,2,UFA,2008,"$775,000","$775,000","$825,000","$825,000",$0,$0
Jim Slater,-,24,C,Left,ATL,Standard (1-way),24,,2,RFA,2009,"$775,000","$775,000","$750,000","$750,000",$0,$0
Alexander Steen,-,23,"LW, RW, C",Left,TOR,Entry-Level,21,,3,RFA,2008,"$770,200","$883,933","$870,200","$600,000","$270,200","$30,400"
Martins Karsums,-,21,RW,Right,BOS,Entry-Level,20,,3,RFA,2009,"$766,667","$766,667","$775,000","$575,000","$200,000",$0
David Krejci,-,21,C,Right,BOS,Entry-Level,20,,3,RFA,2009,"$766,667","$883,333","$775,000","$575,000","$200,000","$150,000"
David Backes,-,23,"C, RW",Right,STL,Entry-Level,22,,2,RFA,2008,"$765,000","$887,500","$802,500","$575,000","$227,500","$90,000"
Shane Hnidy,-,31,RD,Right,ANA,Standard (1-way),31,,2,UFA,2009,"$757,500","$757,500","$755,000","$755,000",$0,$0
David Tanabe,-,26,D,Right,CAR,Standard (1-way),26,,2,UFA,2009,"$750,000","$750,000","$600,000","$600,000",$0,$0
Erik Christensen,-,23,C,Left,PIT,Standard (1-way),23,,2,UFA,2009,"$750,000","$750,000","$750,000","$750,000",$0,$0
Matt Hunwick,-,22,LD,Left,BOS,Entry-Level,22,,2,RFA,2009,"$750,000","$750,000","$725,000","$550,000","$175,000",$0
Jeff Schultz,-,21,LD,Left,WSH,Entry-Level,19,,3,RFA,2009,"$750,000","$750,000","$775,000","$625,000","$150,000",$0
Brian Boyle,-,22,"LW, C",Left,LAK,Entry-Level,22,,2,RFA,2009,"$750,000","$835,000","$750,000","$500,000","$250,000","$85,000"
Toby Enström,-,22,LD,Left,ATL,Entry-Level,22,,2,RFA,2009,"$750,000","$900,000","$750,000","$600,000","$150,000","$200,000"
Braydon Coburn,-,22,LD,Left,ATL,Entry-Level,19,,3,RFA,2008,"$746,100","$746,100","$942,400","$942,400",$0,$0
Justin Abdelkader,-,20,"LW, RW",Left,DET,Entry-Level,21,,3,RFA,2010,"$740,000","$850,000","$850,000","$850,000",$0,$0
Ryan Getzlaf,-,22,C,Right,ANA,Entry-Level,19,,3,RFA,2008,"$739,733","$739,733","$623,200","$623,200",$0,$0
Ron Hainsey,-,26,RD,Left,CBJ,Standard (1-way),25,,2,RFA,2008,"$737,500","$737,500","$900,000","$900,000",$0,$0
Marc-Édouard Vlasic,SJS,20,LD/RD,Left,SJS,Entry-Level,19,,3,RFA,2009,"$735,000","$1,100,000","$735,000","$650,000","$85,000","$365,000"
Jimmy Howard,-,23,G,Left,DET,Entry-Level,21,,3,RFA,2008,"$733,333","$733,333","$850,000","$600,000","$250,000",$0
Valtteri Filppula,-,23,"C, LW",Left,DET,Entry-Level,21,,3,RFA,2008,"$733,333","$733,333","$850,000","$600,000","$250,000",$0
Josh Harding,-,23,G,Right,MIN,Standard (1-way),23,,2,RFA,2009,"$725,000","$725,000","$700,000","$700,000",$0,$0
Mark Fistric,-,21,D,Left,DAL,Entry-Level,19,,3,RFA,2009,"$725,000","$783,333","$825,000","$625,000","$200,000","$25,000"
Greg Zanon,-,27,D,Left,NSH,Standard (1-way),27,,2,UFA,2009,"$725,000","$725,000","$700,000","$700,000",$0,$0
Brooks Laich,-,24,"C, LW",Left,WSH,Standard (1-way),24,,1,RFA,2008,"$725,000","$725,000","$725,000","$725,000",$0,$0
Bryan Bickell,-,21,LW,Left,CHI,Entry-Level,20,,3,RFA,2009,"$716,667","$716,667","$725,000","$575,000","$150,000",$0
Torrey Mitchell,-,22,"C, RW",Right,SJS,Entry-Level,22,,2,RFA,2009,"$715,000","$725,000","$715,000","$500,000","$215,000","$10,000"
Stefan Legein,-,18,C,Right,CBJ,Entry-Level,18,,3,RFA,2012,"$712,500","$875,000",$0,"-$87,500","$87,500",$0
Paul Gaustad,-,25,"C, LW",Left,BUF,Standard (1-way),24,,2,RFA,2008,"$712,500","$712,500","$750,000","$750,000",$0,$0
Rob Scuderi,-,28,LD,Left,PIT,Standard (1-way),28,,2,UFA,2009,"$712,500","$712,500","$700,000","$700,000",$0,$0
Jamie McGinn,-,18,"LW, RW",Left,SJS,Entry-Level,19,,3,RFA,2011,"$710,000","$1,025,000",$0,"-$85,000","$85,000",$0
T.J. Hensick,-,21,RW,Right,COL,Entry-Level,21,,3,RFA,2010,"$706,667","$850,000","$585,000","$585,000",$0,"$265,000"
Mike Blunden,-,20,RW,Right,CHI,Entry-Level,20,,3,RFA,2009,"$701,667","$1,583,333","$685,000","$600,000","$85,000","$865,000"
Matt Bradley,-,29,"RW, LW",Right,WSH,Standard (1-way),28,,2,UFA,2008,"$700,000","$700,000","$700,000","$700,000",$0,$0
Sami Lepisto,-,22,D,Left,WSH,Entry-Level,22,,2,RFA,2009,"$700,000","$700,000","$725,000","$725,000",$0,$0
Dominic Moore,-,26,"C, LW",Left,PIT,Standard (1-way),25,,2,UFA,2008,"$700,000","$700,000","$700,000","$700,000",$0,$0
Peter Budaj,-,24,G,Left,COL,Standard (1-way),23,,3,RFA,2009,"$700,000","$700,000","$700,000","$700,000",$0,$0
Eric Nystrom,-,24,"LW, RW",Left,CGY,Standard (2-way),24,,1,RFA,2008,"$693,500","$693,500","$693,500","$693,500",$0,$0
Mason Raymond,-,21,LW,Left,VAN,Entry-Level,21,,3,RFA,2010,"$693,333","$883,333","$635,000","$550,000","$85,000","$315,000"
Blake Comeau,-,21,"RW, LW",Right,NYI,Entry-Level,20,,3,RFA,2009,"$691,667","$691,667","$700,000","$500,000","$200,000",$0
Michal Repik,-,18,RW,Right,FLA,Entry-Level,18,,3,RFA,2012,"$687,500","$875,000",$0,"-$87,500","$87,500",$0
Mike Lundin,-,22,LD,Left,TBL,Entry-Level,22,,2,RFA,2009,"$687,500","$687,500","$637,500","$550,000","$87,500",$0
Mikhail Grabovski,-,23,"C, RW",Left,MTL,Entry-Level,22,,2,RFA,2008,"$687,500","$725,000","$700,000","$500,000","$200,000",$0
Dustin Kohn,-,20,D,Left,NYI,Entry-Level,20,,3,RFA,2010,"$686,667","$686,667","$640,000","$640,000",$0,$0
Mark Letestu,-,22,"C, RW",Right,PIT,Entry-Level,22,,2,RFA,2009,"$685,000","$850,000","$635,000","$550,000","$85,000","$215,000"
Trevor Smith,-,22,C,Left,NYI,Entry-Level,22,,2,RFA,2009,"$685,000","$912,500","$685,000","$600,000","$85,000","$215,000"
Carl Söderberg,-,21,"C, LW",Left,STL,Entry-Level,20,,3,RFA,2009,"$680,000","$680,000","$680,000","$680,000",$0,$0
Jim O'Brien,-,18,C,Right,OTT,Entry-Level,18,,3,RFA,2012,"$679,167","$875,000",$0,"-$87,500","$87,500",$0
Nick Foligno,CHI,19,"LW, C, RW",Left,OTT,Entry-Level,20,,3,RFA,2010,"$676,667","$850,000","$585,000","$585,000",$0,"$265,000"
Jason Ward,-,28,RW,Right,TBL,Standard (1-way),28,,2,UFA,2009,"$675,000","$675,000","$650,000","$650,000",$0,$0
Andy Hilbert,-,26,C,Left,NYI,Standard (1-way),26,,2,UFA,2009,"$675,000","$675,000","$650,000","$650,000",$0,$0
Ole-Kristian Tollefsen,-,23,D,Left,CBJ,Standard (1-way),23,,2,UFA,2009,"$675,000","$675,000","$600,000","$600,000",$0,$0
Jay McClement,-,24,C,Left,STL,Standard (1-way),23,,2,RFA,2008,"$675,000","$675,000","$700,000","$700,000",$0,$0
Matt Niskanen,-,20,RD,Right,DAL,Entry-Level,20,,3,RFA,2010,"$675,000","$850,000","$585,000","$585,000",$0,"$265,000"
Troy Brouwer,-,21,"LW, RW",Right,CHI,Entry-Level,21,,3,RFA,2009,"$675,000","$675,000","$675,000","$575,000","$100,000",$0
Corey Crawford,-,22,G,Left,CHI,Entry-Level,20,,3,RFA,2008,"$675,000","$891,667","$700,000","$600,000","$100,000","$250,000"
Maxime Talbot,-,23,"C, LW",Left,PIT,Standard (1-way),24,,2,RFA,2009,"$675,000","$675,000","$650,000","$650,000",$0,$0
Josh Godfrey,-,19,D,Right,WSH,Entry-Level,19,,3,RFA,2011,"$670,833","$875,000",$0,"-$87,500","$87,500",$0
Chad Denny,-,20,D,Left,ATL,Entry-Level,20,,3,RFA,2010,"$668,333","$668,333","$635,000","$635,000",$0,$0
Drew Miller,-,23,"LW, RW",Left,ANA,Entry-Level,22,,2,RFA,2008,"$665,000","$677,500","$677,500","$475,000","$202,500",$0
Daniel Cleary,-,28,RW,Left,DET,Standard (1-way),27,,2,UFA,2008,"$662,500","$662,500","$675,000","$675,000",$0,$0
Tyler Plante,-,20,G,Left,FLA,Entry-Level,20,,3,RFA,2010,"$660,000","$660,000","$610,000","$610,000",$0,$0
Karri Ramo,-,21,G,Left,TBL,Entry-Level,20,,3,RFA,2009,"$658,333","$658,333","$650,000","$500,000","$150,000",$0
Cory Emmerton,-,19,C,Left,DET,Entry-Level,19,,3,RFA,2011,"$651,667","$850,000",$0,"-$85,000","$85,000",$0
Noah Welch,-,24,LD,Left,FLA,Standard (1-way),25,,2,RFA,2009,"$650,000","$650,000","$550,000","$550,000",$0,$0
Brett Lebda,-,25,LW,Left,DET,Standard (1-way),24,,4,UFA,2010,"$650,000","$650,000","$550,000","$550,000",$0,$0
Byron Bitz,-,22,RW,Right,BOS,Entry-Level,23,,2,RFA,2009,"$650,000","$740,000","$625,000","$500,000","$125,000","$80,000"
Boyd Gordon,-,23,C,Right,WSH,Standard (1-way),22,,2,RFA,2008,"$650,000","$650,000","$650,000","$650,000",$0,$0
James Wisniewski,-,23,RD,Right,CHI,Standard (1-way),23,,1,RFA,2008,"$650,000","$650,000","$650,000","$650,000",$0,$0
Andrej Sekera,-,21,LD/RD,Left,BUF,Entry-Level,20,,3,RFA,2009,"$650,000","$675,000","$658,000","$475,000","$183,000",$0
James Neal,-,19,"RW, LW",Left,DAL,Entry-Level,19,,3,RFA,2010,"$646,667","$821,667","$585,000","$585,000",$0,"$265,000"
Tomas Kana,-,19,C,Right,STL,Entry-Level,20,,3,RFA,2010,"$643,333","$643,333","$585,000","$585,000",$0,$0
Paul Stastny,-,21,"C, LW",Left,COL,Entry-Level,20,,3,RFA,2009,"$643,333","$850,000","$685,000","$600,000","$85,000","$165,000"
Niklas Hjalmarsson,-,20,LD/RD,Left,CHI,Entry-Level,20,,3,RFA,2010,"$643,333","$643,333","$620,000","$620,000",$0,$0
Loui Eriksson,-,21,"LW, RW",Left,DAL,Entry-Level,20,,3,RFA,2008,"$641,667","$725,000","$650,000","$475,000","$175,000","$50,000"
Riley Holzapfel,-,18,C,Left,ATL,Entry-Level,19,,3,RFA,2010,"$640,000","$821,667","$635,000","$550,000","$85,000","$215,000"
Mathieu Carle,-,19,D,Right,MTL,Entry-Level,20,,3,RFA,2010,"$635,000","$635,000","$585,000","$585,000",$0,$0
Philip Gogulla,-,19,LW,Left,BUF,Entry-Level,20,,3,RFA,2010,"$635,000","$635,000","$585,000","$585,000",$0,$0
Chris Campoli,-,22,LD,Left,NYI,Standard (1-way),23,,3,RFA,2010,"$633,333","$633,333","$633,333","$633,333",$0,$0
Colin Fraser,-,22,C,Left,CHI,Entry-Level,20,,3,RFA,2008,"$633,333","$840,000","$650,000","$500,000","$150,000","$310,000"
Brandon Dubinsky,-,21,"C, LW",Left,NYR,Entry-Level,20,,3,RFA,2009,"$633,333","$633,333","$645,000","$475,000","$170,000",$0
Milan Michalek,-,22,"LW, RW",Left,SJS,Entry-Level,18,,3,RFA,2008,"$628,267","$628,267","$942,400","$942,400",$0,$0
Dustin Boyd,-,20,C,Left,CGY,Entry-Level,20,,3,RFA,2009,"$625,000","$625,000","$650,000","$475,000","$175,000",$0
Kent Huskins,-,28,D,Left,ANA,Standard (1-way),28,,2,UFA,2009,"$625,000","$625,000","$600,000","$600,000",$0,$0
Sandis Ozolinsh,-,34,D,Left,SJS,Standard (1-way),34,,1,UFA,2008,"$625,000","$625,000","$625,000","$625,000",$0,$0
Chris Bourque,-,21,LW,Left,WSH,Entry-Level,19,,3,RFA,2009,"$625,000","$625,000","$675,000","$525,000","$150,000",$0
Kris Letang,PIT,20,RD,Right,PIT,Entry-Level,19,,3,RFA,2010,"$623,333","$835,000","$560,000","$475,000","$85,000","$290,000"
Tom Pyatt,-,20,C,Left,NYR,Entry-Level,20,,3,RFA,2010,"$618,333","$850,000","$585,000","$585,000",$0,"$265,000"
Milan Lucic,BOS,19,"LW, RW",Left,BOS,Entry-Level,19,,3,RFA,2010,"$618,333","$883,333","$585,000","$585,000",$0,"$265,000"
Brad Marchand,BOS,19,LW,Left,BOS,Entry-Level,19,,3,RFA,2011,"$618,333","$850,000",$0,"-$85,000","$85,000",$0
Marc-Andre Cliche,-,20,C,Right,LAK,Entry-Level,20,,3,RFA,2010,"$618,333","$850,000","$585,000","$585,000",$0,"$265,000"
Matthew Corrente,-,19,D,Right,NJD,Entry-Level,19,,3,RFA,2011,"$618,333","$850,000",$0,"-$85,000","$85,000",$0
Justin Pogge,-,21,G,Left,TOR,Entry-Level,19,,3,RFA,2009,"$616,667","$683,333","$675,000","$500,000","$175,000","$60,000"
Brendan Mikkelson,-,20,D,Left,ANA,Entry-Level,19,,3,RFA,2010,"$615,000","$615,000","$585,000","$585,000",$0,$0
Anton Strålman,-,20,RD,Right,TOR,Entry-Level,21,,3,RFA,2010,"$615,000","$731,667","$565,000","$565,000",$0,"$150,000"
Corey Perry,EDM,22,RW,Right,ANA,Entry-Level,19,,3,RFA,2008,"$614,333","$614,333","$475,000","$475,000",$0,$0
Shea Weber,ARI,21,RD,Right,NSH,Entry-Level,19,,3,RFA,2008,"$610,333","$610,333","$475,000","$475,000",$0,$0
Keith Yandle,-,20,LD,Left,ARI,Entry-Level,20,,3,RFA,2009,"$610,000","$850,000","$610,000","$525,000","$85,000","$240,000"
Dane Byers,-,21,LW,Left,NYR,Entry-Level,20,,3,RFA,2009,"$608,333","$608,333","$625,000","$475,000","$150,000",$0
Dustin Byfuglien,-,22,RD,Right,CHI,Entry-Level,20,,3,RFA,2008,"$608,333","$648,333","$675,000","$575,000","$100,000","$90,000"
Clarke MacArthur,-,22,LW,Left,BUF,Entry-Level,20,,3,RFA,2008,"$608,333","$686,667","$625,000","$475,000","$150,000","$85,000"
Andrew Gordon,-,21,RW,Right,WSH,Entry-Level,21,,3,RFA,2010,"$606,667","$606,667","$575,000","$575,000",$0,$0
Curtis McElhinney,-,24,G,Left,CGY,Standard (2-way),24,,1,RFA,2008,"$605,000","$605,000","$605,000","$605,000",$0,$0
Geoff Paukovich,-,21,LW,Left,EDM,Entry-Level,21,,3,RFA,2010,"$603,333","$603,333","$595,000","$595,000",$0,$0
Ben Eager,-,23,LW,Left,PHI,Standard (1-way),23,,2,RFA,2009,"$600,000","$600,000","$550,000","$550,000",$0,$0
Andy Greene,-,24,LD/RD,Left,NJD,Standard (1-way),24,,2,UFA,2009,"$600,000","$600,000","$600,000","$600,000",$0,$0
Jordin Tootoo,-,24,RW,Right,NSH,Standard (1-way),23,,2,RFA,2008,"$600,000","$600,000","$700,000","$700,000",$0,$0
Mike Weaver,-,29,D,Right,PIT,Standard (2-way),29,,1,UFA,2008,"$600,000","$600,000","$600,000","$600,000",$0,$0
Mark Streit,-,29,RD,Left,MTL,Standard (1-way),28,,2,UFA,2008,"$600,000","$600,000","$600,000","$600,000",$0,$0
Johnny Oduya,-,25,LD,Left,NJD,Standard (1-way),25,,2,UFA,2009,"$600,000","$600,000","$600,000","$600,000",$0,$0
Dennis Wideman,-,24,RD,Right,BOS,Standard (1-way),24,,1,RFA,2008,"$600,000","$600,000","$600,000","$600,000",$0,$0
Craig Adams,-,30,RW,Right,CAR,Standard (1-way),29,,3,UFA,2009,"$600,000","$600,000","$600,000","$600,000",$0,$0
David Booth,-,22,LW,Left,FLA,Entry-Level,21,,3,RFA,2009,"$600,000","$700,000","$625,000","$475,000","$150,000","$100,000"
Darren Helm,-,20,"C, LW, RW",Left,DET,Entry-Level,19,,3,RFA,2010,"$597,833","$597,833","$663,500","$663,500",$0,$0
Codey Burki,-,19,C,Left,COL,Entry-Level,20,,3,RFA,2010,"$593,333","$593,333","$560,000","$560,000",$0,$0
Roman Voloshenko,-,21,LW,Right,MIN,Entry-Level,19,,3,RFA,2010,"$591,667","$591,667","$700,000","$700,000",$0,$0
Mike Santorelli,-,21,"C, RW",Right,NSH,Entry-Level,21,,3,RFA,2010,"$591,667","$591,667","$565,000","$565,000",$0,$0
Nicklas Grossmann,-,22,LD,Left,DAL,Entry-Level,20,,3,RFA,2008,"$591,667","$600,000","$675,000","$475,000","$200,000","$25,000"
B.J. Crombeen,-,21,RW,Right,DAL,Entry-Level,20,,3,RFA,2008,"$591,667","$600,000","$675,000","$475,000","$200,000","$25,000"
Michael Sauer,-,19,D,Right,NYR,Entry-Level,19,,3,RFA,2010,"$590,000","$590,000","$585,000","$585,000",$0,$0
Grant Lewis,-,22,D,Right,ATL,Entry-Level,22,,2,RFA,2009,"$587,500","$587,500","$587,500","$500,000","$87,500",$0
Anton Khudobin,-,21,G,Left,MIN,Entry-Level,21,,3,RFA,2010,"$586,667","$586,667","$560,000","$560,000",$0,$0
Daniel Paille,-,23,LW,Left,BUF,Standard (2-way),23,,1,RFA,2008,"$585,200","$585,200","$585,200","$585,200",$0,$0
Nate Guenin,-,24,RD,Right,PHI,Entry-Level,23,,2,RFA,2008,"$585,000","$850,000","$585,000","$500,000","$85,000","$265,000"
Wayne Simmonds,-,18,"RW, LW",Right,LAK,Entry-Level,19,,3,RFA,2011,"$585,000","$850,000",$0,"-$85,000","$85,000",$0
Steve Downie,-,20,"RW, LW",Right,PHI,Entry-Level,19,,3,RFA,2010,"$585,000","$816,667","$585,000","$585,000",$0,"$265,000"
Vladimír Sobotka,-,19,"LW, C",Left,BOS,Entry-Level,20,,3,RFA,2010,"$583,333","$750,000","$550,000","$550,000",$0,"$200,000"
Maxim Lapierre,-,22,C,Right,MTL,Entry-Level,20,,3,RFA,2008,"$583,333","$583,333","$562,500","$475,000","$87,500",$0
Patric Hörnqvist,-,20,RW,Right,NSH,Entry-Level,20,,3,RFA,2010,"$583,333","$713,333","$535,000","$535,000",$0,"$155,000"
Adam Burish,-,24,RW,Right,CHI,Entry-Level,23,,2,RFA,2008,"$575,000","$575,000","$575,000","$500,000","$75,000",$0
Ryan Callahan,-,22,RW,Right,NYR,Entry-Level,21,,3,RFA,2009,"$575,000","$575,000","$575,000","$475,000","$100,000",$0
Cal Clutterbuck,NYI,19,RW,Right,MIN,Entry-Level,20,,3,RFA,2010,"$570,833","$725,833","$532,500","$532,500",$0,"$155,000"
Andrew Bodnarchuk,-,18,LD,Left,BOS,Entry-Level,20,,3,RFA,2010,"$566,667","$708,333","$525,000","$525,000",$0,"$100,000"
Sergei Kostitsyn,-,20,"RW, LW",Left,MTL,Entry-Level,20,,3,RFA,2010,"$565,000","$816,667","$560,000","$560,000",$0,"$290,000"
Tom Sestito,-,19,LW,Left,CBJ,Entry-Level,20,,3,RFA,2010,"$563,333","$751,667","$545,000","$545,000",$0,"$225,000"
Tom Wandell,-,20,"C, RW",Left,DAL,Entry-Level,20,,3,RFA,2010,"$560,000","$560,000","$560,000","$560,000",$0,$0
Kevin Westgarth,-,23,RW,Right,LAK,Entry-Level,23,,2,RFA,2009,"$560,000","$850,000","$560,000","$475,000","$85,000","$290,000"
Ryan Carter,-,23,"C, LW",Left,ANA,Entry-Level,23,,2,RFA,2008,"$560,000","$850,000","$560,000","$475,000","$85,000","$290,000"
Jonathan Quick,NYR,21,G,Left,LAK,Entry-Level,21,,3,RFA,2010,"$560,000","$770,000","$560,000","$560,000",$0,"$290,000"
Chris Thorburn,-,24,"RW, LW",Right,ATL,Standard (2-way),24,,2,UFANo QO,2009,"$560,000","$560,000","$585,000","$585,000",$0,$0
Marc-Andre Gragnani,-,20,LD,Left,BUF,Entry-Level,20,,3,RFA,2010,"$558,333","$750,267","$560,000","$560,000",$0,"$290,000"
Mike Weber,-,19,LD,Left,BUF,Entry-Level,20,,3,RFA,2010,"$558,333","$750,267","$560,000","$560,000",$0,"$290,000"
Brad Richardson,-,22,C,Left,COL,Entry-Level,20,,3,RFA,2008,"$558,333","$558,333","$600,000","$500,000","$100,000",$0
Kaspars Daugavins,-,19,"C, LW",Left,OTT,Entry-Level,19,,3,RFA,2011,"$555,000","$555,000",$0,"-$52,500","$52,500",$0
Jared Boll,-,21,RW,Right,CBJ,Entry-Level,21,,3,RFA,2010,"$555,000","$743,333","$545,000","$545,000",$0,"$275,000"
Rich Clune,-,20,LW,Left,DAL,Entry-Level,24,,3,RFA,2010,"$554,167","$633,333","$537,500","$450,000","$87,500","$87,500"
Cody Franson,-,19,RD,Right,NSH,Entry-Level,19,,3,RFA,2010,"$552,222","$693,889","$553,333","$553,333",$0,"$205,000"
Lawrence Nycholat,-,28,LD,Left,OTT,Standard (1-way),28,,2,UFA,2009,"$550,000","$550,000","$500,000","$500,000",$0,$0
George Parros,-,27,RW,Right,ANA,Standard (1-way),27,,2,UFA,2009,"$550,000","$550,000","$525,000","$525,000",$0,$0
Douglas Murray,-,27,D,Left,SJS,Standard (1-way),26,,3,RFA,2009,"$550,000","$550,000","$550,000","$550,000",$0,$0
Cam Janssen,-,23,RW,Right,NJD,Standard (1-way),23,,3,RFA,2010,"$550,000","$550,000","$550,000","$550,000",$0,$0
Pierre-Alexandre Parenteau,-,24,RW,Right,CHI,Standard (2-way),24,,1,RFA,2008,"$550,000","$550,000","$550,000","$550,000",$0,$0
Alexander Edler,-,21,LD,Left,VAN,Entry-Level,20,,3,RFA,2009,"$550,000","$550,000","$550,000","$475,000","$75,000",$0
Michael Leighton,-,26,G,Left,CAR,Standard (2-way),26,,1,UFA,2008,"$550,000","$550,000","$550,000","$550,000",$0,$0
Kris Russell,-,20,LD/RD,Left,CBJ,Entry-Level,20,,3,RFA,2010,"$550,000","$750,000","$550,000","$550,000",$0,"$325,000"
David Jones,-,22,RW,Right,COL,Entry-Level,27,,2,RFA,2009,"$550,000","$550,000","$550,000","$550,000",$0,$0
Roman Polák,-,21,RD,Right,STL,Entry-Level,20,,3,RFA,2009,"$550,000","$603,333","$575,000","$475,000","$100,000","$80,000"
David Moss,-,25,RW,Right,CGY,Standard (1-way),25,,2,RFA,2009,"$550,000","$550,000","$525,000","$525,000",$0,$0
Craig Anderson,-,26,G,Left,FLA,Standard (1-way),26,,2,UFA,2009,"$550,000","$550,000","$525,000","$525,000",$0,$0
Pekka Rinne,-,24,G,Left,NSH,Standard (2-way),24,,2,UFA,2009,"$547,500","$547,500","$520,000","$520,000",$0,$0
Stephane Veilleux,-,25,LW,Left,MIN,Standard (1-way),23,,3,RFA,2008,"$546,667","$546,667","$595,000","$595,000",$0,$0
Patrick Maroon,BOS,19,"LW, RW",Left,ANA,Entry-Level,19,,3,RFA,2011,"$545,833","$545,833",$0,"-$52,500","$52,500",$0
Corey Potter,-,23,RD,Right,NYR,Entry-Level,23,,2,RFA,2009,"$542,500","$542,500","$550,000","$500,000","$50,000",$0
Patrick McNeill,-,20,D,Left,WSH,Entry-Level,20,,3,RFA,2010,"$541,667","$541,667","$525,000","$525,000",$0,$0
Ryane Clowe,-,24,"LW, RW",Left,SJS,Standard (1-way),23,,3,RFA,2008,"$541,667","$541,667","$600,000","$600,000",$0,$0
Adam McQuaid,-,20,RD,Right,BOS,Entry-Level,20,,3,RFA,2010,"$541,667","$623,333","$525,000","$525,000",$0,"$70,000"
Tyler Kennedy,-,20,C,Right,PIT,Entry-Level,20,,3,RFA,2009,"$541,667","$541,667","$550,000","$475,000","$75,000",$0
Marc Methot,-,22,LD,Left,CBJ,Entry-Level,20,,3,RFA,2008,"$541,667","$608,333","$475,000","$475,000",$0,"$100,000"
David Clarkson,-,23,RW,Right,NJD,Entry-Level,21,,3,RFA,2008,"$538,333","$800,000","$555,000","$475,000","$80,000","$245,000"
John Erskine,-,27,D,Left,WSH,Standard (1-way),27,,2,UFA,2009,"$537,500","$537,500","$525,000","$525,000",$0,$0
Colton Orr,-,25,RW,Right,NYR,Standard (1-way),25,,2,UFA,2009,"$537,500","$537,500","$525,000","$525,000",$0,$0
Dan Girardi,-,23,RD,Right,NYR,Entry-Level,22,,2,RFA,2008,"$537,500","$750,000","$550,000","$475,000","$75,000","$200,000"
Frans Nielsen,-,23,"C, LW",Left,NYI,Entry-Level,22,,2,RFA,2008,"$535,000","$622,500","$560,000","$500,000","$60,000","$150,000"
Zack Stortini,-,21,RW,Right,EDM,Entry-Level,19,,3,RFA,2008,"$534,333","$534,333","$475,000","$475,000",$0,$0
Brett Sutter,-,20,"LW, C",Left,CGY,Entry-Level,20,,3,RFA,2010,"$528,333","$536,667","$515,000","$515,000",$0,$0
Andrew Peters,-,27,LW,Left,BUF,Standard (1-way),27,,2,UFA,2009,"$525,000","$525,000","$500,000","$500,000",$0,$0
Adam Hall,-,26,RW,Right,PIT,Standard (2-way),27,,1,UFA,2008,"$525,000","$525,000","$525,000","$525,000",$0,$0
Eric Boulton,-,30,LW,Left,ATL,Standard (1-way),30,,1,UFA,2008,"$525,000","$525,000","$525,000","$525,000",$0,$0
Kevin Bieksa,-,26,RD,Right,VAN,Standard (1-way),25,,2,RFA,2008,"$525,000","$525,000","$550,000","$550,000",$0,$0
Ryan Reaves,TOR,20,RW,Right,STL,Entry-Level,20,,3,RFA,2010,"$525,000","$583,333","$530,000","$530,000",$0,"$50,000"
Nick Tarnasky,-,22,LW,Left,TBL,Standard (1-way),22,,3,UFA,2010,"$525,000","$525,000","$525,000","$525,000",$0,$0
Brian McGrattan,-,25,RW,Right,OTT,Standard (1-way),24,,2,RFA,2008,"$525,000","$525,000","$550,000","$550,000",$0,$0
Joakim Lindstrom,-,23,C,Left,CBJ,Standard (2-way),23,,1,RFA,2008,"$525,000","$525,000","$525,000","$525,000",$0,$0
Daniel Winnik,-,22,C,Left,ARI,Entry-Level,21,,3,RFA,2009,"$523,333","$531,667","$525,000","$475,000","$50,000","$25,000"
Curtis Glencross,-,24,LW,Left,CBJ,Standard (2-way),24,,1,UFA,2008,"$522,500","$522,500","$522,500","$522,500",$0,$0
Kyle Quincey,-,21,RD,Left,DET,Entry-Level,20,,3,RFA,2008,"$520,000","$520,000","$535,000","$475,000","$60,000",$0
Tanner Glass,-,23,LW,Left,FLA,Entry-Level,23,,2,RFA,2009,"$520,000","$570,000","$510,000","$475,000","$35,000","$50,000"
Andrew Ebbett,-,24,C,Left,OTT,Entry-Level,23,,1,RFA,2008,"$520,000","$570,000","$520,000","$475,000","$45,000","$50,000"
Derek Joslin,-,20,LD,Left,SJS,Entry-Level,19,,3,RFA,2010,"$516,667","$516,667","$525,000","$525,000",$0,$0
Paul Bissonnette,-,22,LW,Left,PIT,Entry-Level,20,,3,RFA,2008,"$516,667","$551,667","$525,000","$475,000","$50,000","$65,000"
Daniel Carcillo,-,22,LW,Left,PIT,Entry-Level,20,,3,RFA,2008,"$516,667","$676,667","$525,000","$475,000","$50,000","$200,000"
David Schlemko,-,20,LD,Left,ARI,Entry-Level,20,,3,RFA,2010,"$516,667","$516,667","$510,000","$510,000",$0,$0
Oskars Bartulis,-,20,D,Left,PHI,Entry-Level,20,,3,RFA,2010,"$516,666","$516,666","$525,000","$525,000",$0,$0
Shawn Thornton,-,29,"LW, RW",Right,BOS,Standard (1-way),29,,3,UFA,2010,"$516,666","$516,666","$516,666","$516,666",$0,$0
Nick Drazenovic,-,20,C,Left,STL,Entry-Level,20,,3,RFA,2010,"$513,333","$571,667","$505,000","$505,000",$0,"$50,000"
Ryan Hollweg,-,24,LW,Left,NYR,Standard (1-way),23,,2,RFA,2009,"$512,500","$512,500","$500,000","$500,000",$0,$0
Dany Sabourin,-,26,G,Left,PIT,Standard (1-way),26,,2,UFA,2009,"$512,500","$512,500","$500,000","$500,000",$0,$0
David Steckel,-,25,C,Left,WSH,Standard (2-way),25,,2,UFA,2009,"$512,500","$512,500","$525,000","$525,000",$0,$0
Niclas Bergfors,-,20,RW,Right,NJD,Entry-Level,18,,3,RFA,2010,"$511,667","$818,333","$560,000","$560,000",$0,"$315,000"
Cody Bass,-,20,C,Right,OTT,Entry-Level,19,,3,RFA,2010,"$511,667","$511,667","$525,000","$525,000",$0,$0
Dustin Jeffrey,-,19,C,Left,PIT,Entry-Level,19,,3,RFA,2011,"$510,000","$510,000",$0,"-$30,000","$30,000",$0
Danny Taylor,-,21,G,Left,LAK,Entry-Level,20,,3,RFA,2009,"$508,333","$508,333","$517,500","$475,000","$42,500",$0
Brett Carson,-,21,D,Right,CAR,Entry-Level,20,,3,RFA,2009,"$508,333","$508,333","$500,000","$475,000","$25,000",$0
Victor Oreskovich,-,20,RW,Right,COL,Entry-Level,21,,3,RFA,2010,"$508,333","$508,333","$500,000","$475,000","$25,000",$0
Jannik Hansen,-,21,RW,Right,VAN,Entry-Level,20,,3,RFA,2009,"$508,333","$508,333","$515,000","$475,000","$40,000",$0
Blair Jones,-,20,C,Right,TBL,Entry-Level,20,,3,RFA,2009,"$501,667","$501,667","$510,000","$475,000","$35,000",$0
Mike Rupp,-,27,C,Left,NJD,Standard (1-way),27,,2,UFA,2009,"$500,000","$500,000","$500,000","$500,000",$0,$0
Jerred Smithson,-,28,C,Right,NSH,Standard (1-way),28,,2,UFA,2009,"$500,000","$500,000","$475,000","$475,000",$0,$0
Matt D'Agostini,-,20,RW,Right,MTL,Entry-Level,20,,3,RFA,2009,"$500,000","$500,000","$508,000","$475,000","$33,000",$0
Matt Kassian,-,20,C,Left,MIN,Entry-Level,20,,3,RFA,2010,"$500,000","$500,000","$500,000","$500,000",$0,$0
John Curry,-,23,G,Left,PIT,Entry-Level,23,,2,RFA,2009,"$500,000","$500,000","$500,000","$475,000","$25,000",$0
Cal O'Reilly,-,20,C,Left,NSH,Entry-Level,20,,3,RFA,2009,"$500,000","$533,333","$510,000","$475,000","$35,000",$0
Scott Clemmensen,-,29,G,Left,TOR,Standard (2-way),29,,1,UFA,2008,"$500,000","$500,000","$500,000","$500,000",$0,$0
Peter Harrold,-,24,"RD, RW",Right,LAK,Standard (2-way),24,,1,RFA,2008,"$500,000","$500,000","$500,000","$500,000",$0,$0
Sean Bergenheim,-,23,LW,Left,NYI,Standard (1-way),23,,1,RFA,2008,"$500,000","$500,000","$500,000","$500,000",$0,$0
Gregory Campbell,-,23,"C, LW",Left,FLA,Standard (1-way),22,,2,RFA,2008,"$500,000","$500,000","$525,000","$525,000",$0,$0
Mike Brown,-,22,RW,Right,VAN,Entry-Level,20,,3,RFA,2008,"$500,000","$500,000","$500,000","$475,000","$25,000",$0
Dan Ellis,-,27,G,Left,NSH,Standard (2-way),27,,1,UFA,2008,"$500,000","$500,000","$500,000","$500,000",$0,$0
Tomas Kopecky,-,25,RW,Left,DET,Standard (1-way),25,,2,UFA,2009,"$500,000","$500,000","$475,000","$475,000",$0,$0
Derek MacKenzie,-,26,"C, LW",Left,CBJ,Standard (2-way),26,,1,UFA,2008,"$500,000","$500,000","$500,000","$500,000",$0,$0
Kevin Klein,-,22,RD,Right,NSH,Standard (2-way),22,,1,RFA,2008,"$500,000","$500,000","$500,000","$500,000",$0,$0
Matt Hendricks,-,26,"RW, C, LW",Left,BOS,Standard (2-way),26,,2,UFA,2009,"$500,000","$500,000","$500,000","$475,000","$25,000",$0
Kyle Brodziak,-,23,C,Right,EDM,Standard (1-way),23,,2,RFA,2009,"$497,500","$497,500","$495,000","$495,000",$0,$0
